hid,htype,nbcars_agg,hsize,age_discrete,gender,marital_status,employment,driving_licence
0,230,1,5,5,1,4,1,1
0,230,1,5,4,1,2,1,1
0,230,1,5,4,2,1,1,2
0,230,1,5,1,2,1,5,2
0,230,1,5,1,2,1,5,2
1,220,0,5,5,1,4,1,1
1,220,0,5,4,1,2,1,1
1,220,0,5,1,2,1,5,2
1,220,0,5,1,1,1,5,2
1,220,0,5,1,1,1,5,2
2,230,2,5,5,1,4,1,1
2,230,2,5,4,1,2,1,1
2,230,2,5,3,1,1,3,1
2,230,2,5,2,2,1,1,2
2,230,2,5,1,2,1,5,2
3,230,2,5,5,1,4,1,1
3,230,2,5,4,1,2,1,1
3,230,2,5,3,2,1,1,2
3,230,2,5,3,1,1,1,1
3,230,2,5,2,2,1,1,2
4,220,2,5,5,1,4,1,1
4,220,2,5,4,2,2,1,1
4,220,2,5,2,1,1,1,2
4,220,2,5,1,1,1,5,2
4,220,2,5,1,1,1,5,2
5,220,1,5,5,1,4,1,1
5,220,1,5,4,2,2,1,1
5,220,1,5,1,2,1,5,2
5,220,1,5,1,2,1,5,2
5,220,1,5,1,1,1,5,2
6,220,1,5,5,1,4,1,1
6,220,1,5,4,2,2,1,1
6,220,1,5,1,2,1,5,2
6,220,1,5,1,1,1,5,2
6,220,1,5,1,1,1,5,2
7,220,2,5,5,1,4,1,1
7,220,2,5,4,2,2,1,1
7,220,2,5,1,1,1,5,2
7,220,2,5,1,1,1,5,2
7,220,2,5,1,2,1,5,2
8,220,1,5,5,1,4,1,1
8,220,1,5,4,2,2,1,1
8,220,1,5,1,2,1,5,2
8,220,1,5,1,2,1,5,2
8,220,1,5,1,2,1,5,2
9,220,2,5,5,1,4,1,1
9,220,2,5,4,2,2,1,1
9,220,2,5,3,1,1,1,1
9,220,2,5,3,1,1,2,2
9,220,2,5,3,2,1,1,2
10,220,1,5,5,1,4,1,1
10,220,1,5,4,2,2,1,1
10,220,1,5,1,1,1,5,2
10,220,1,5,1,1,1,5,2
10,220,1,5,1,1,1,5,2
11,220,2,5,5,1,4,1,1
11,220,2,5,4,2,2,1,1
11,220,2,5,2,2,1,1,2
11,220,2,5,2,1,1,1,2
11,220,2,5,1,1,1,5,2
12,220,2,5,5,1,4,1,1
12,220,2,5,4,2,2,1,1
12,220,2,5,3,1,1,1,1
12,220,2,5,2,2,1,3,2
12,220,2,5,1,2,1,5,2
13,220,1,5,5,1,4,1,1
13,220,1,5,4,2,2,1,1
13,220,1,5,2,1,1,1,2
13,220,1,5,1,1,1,5,2
13,220,1,5,1,2,1,5,2
14,220,2,5,5,1,4,1,1
14,220,2,5,4,2,2,1,1
14,220,2,5,1,2,1,5,2
14,220,2,5,1,1,1,5,2
14,220,2,5,1,1,1,5,2
15,220,0,5,5,1,4,1,1
15,220,0,5,4,2,2,1,1
15,220,0,5,1,2,1,5,2
15,220,0,5,1,1,1,5,2
15,220,0,5,1,2,1,5,2
16,230,2,5,5,1,4,1,1
16,230,2,5,4,2,2,1,1
16,230,2,5,3,1,1,1,1
16,230,2,5,2,2,1,1,2
16,230,2,5,1,1,1,5,2
17,220,1,5,5,1,4,1,1
17,220,1,5,4,2,2,1,1
17,220,1,5,4,2,1,1,2
17,220,1,5,2,2,1,1,2
17,220,1,5,1,2,1,5,2
18,220,1,5,5,1,4,1,1
18,220,1,5,4,2,2,1,1
18,220,1,5,1,1,1,5,2
18,220,1,5,1,2,1,5,2
18,220,1,5,1,1,1,5,2
19,230,1,5,5,1,4,1,1
19,230,1,5,4,2,2,1,1
19,230,1,5,3,1,1,1,2
19,230,1,5,2,1,1,3,2
19,230,1,5,1,2,1,5,2
20,30,1,5,5,1,4,1,1
20,30,1,5,4,2,2,1,1
20,30,1,5,4,1,4,2,1
20,30,1,5,3,1,2,1,2
20,30,1,5,3,2,1,1,1
21,220,2,5,5,1,4,1,1
21,220,2,5,4,2,2,1,1
21,220,2,5,2,2,1,3,2
21,220,2,5,1,1,1,5,2
21,220,2,5,1,1,1,5,2
22,220,2,5,5,1,4,1,1
22,220,2,5,4,2,2,1,1
22,220,2,5,1,1,1,5,2
22,220,2,5,1,1,1,5,2
22,220,2,5,1,1,1,5,2
23,30,1,5,5,1,4,1,1
23,30,1,5,4,2,2,1,1
23,30,1,5,4,1,2,1,1
23,30,1,5,4,2,1,1,1
23,30,1,5,4,2,2,2,1
24,30,1,5,5,1,4,1,1
24,30,1,5,4,2,2,1,1
24,30,1,5,1,1,1,3,2
24,30,1,5,4,2,1,1,1
24,30,1,5,4,2,2,2,1
25,220,1,5,5,1,4,1,1
25,220,1,5,4,2,2,1,1
25,220,1,5,4,1,1,1,1
25,220,1,5,3,2,1,3,2
25,220,1,5,1,2,1,5,2
26,30,1,5,5,1,4,1,1
26,30,1,5,4,2,2,1,1
26,30,1,5,3,1,1,3,1
26,30,1,5,2,1,1,3,2
26,30,1,5,2,2,1,1,2
27,220,2,5,5,1,4,1,1
27,220,2,5,4,2,2,1,1
27,220,2,5,3,1,1,2,2
27,220,2,5,2,1,1,1,2
27,220,2,5,1,2,1,5,2
28,220,2,5,5,1,4,1,1
28,220,2,5,4,2,2,1,1
28,220,2,5,1,1,1,5,2
28,220,2,5,1,2,1,5,2
28,220,2,5,1,2,1,5,2
29,220,1,5,5,1,4,1,1
29,220,1,5,4,2,2,1,1
29,220,1,5,3,1,1,1,2
29,220,1,5,3,1,1,3,1
29,220,1,5,2,1,1,1,2
30,220,1,5,5,1,4,1,1
30,220,1,5,4,2,2,1,1
30,220,1,5,1,1,1,5,2
30,220,1,5,1,2,1,3,2
30,220,1,5,1,2,1,5,2
31,220,3,5,5,1,4,1,1
31,220,3,5,4,2,2,1,1
31,220,3,5,3,1,1,1,2
31,220,3,5,3,1,1,1,1
31,220,3,5,2,1,1,3,2
32,230,3,5,5,1,4,1,1
32,230,3,5,4,2,2,1,1
32,230,3,5,4,2,1,2,1
32,230,3,5,3,1,1,3,2
32,230,3,5,2,1,1,3,2
33,220,1,5,5,1,4,1,1
33,220,1,5,4,2,2,1,1
33,220,1,5,3,2,1,1,2
33,220,1,5,2,1,1,3,2
33,220,1,5,1,1,1,5,2
34,230,1,5,5,1,4,1,1
34,230,1,5,4,2,2,1,1
34,230,1,5,3,1,1,1,1
34,230,1,5,3,2,1,2,1
34,230,1,5,3,2,1,1,1
35,220,1,5,5,1,4,1,1
35,220,1,5,4,2,2,1,1
35,220,1,5,1,2,1,5,2
35,220,1,5,1,1,1,5,2
35,220,1,5,1,1,1,5,2
36,220,5,5,5,1,4,1,1
36,220,5,5,4,2,2,1,1
36,220,5,5,1,1,1,5,2
36,220,5,5,1,1,1,5,2
36,220,5,5,1,1,1,5,2
37,230,5,5,5,1,4,1,1
37,230,5,5,4,2,2,1,1
37,230,5,5,4,1,2,1,1
37,230,5,5,3,2,1,1,1
37,230,5,5,2,2,1,1,2
38,220,5,5,5,1,4,1,1
38,220,5,5,4,2,2,1,1
38,220,5,5,1,2,1,5,2
38,220,5,5,1,1,1,5,2
38,220,5,5,1,1,1,5,2
39,220,2,5,5,1,4,1,1
39,220,2,5,4,2,2,1,1
39,220,2,5,1,1,1,5,2
39,220,2,5,1,2,1,5,2
39,220,2,5,1,1,1,5,2
40,220,2,5,5,1,4,1,1
40,220,2,5,4,2,2,1,1
40,220,2,5,1,2,1,5,2
40,220,2,5,1,2,1,5,2
40,220,2,5,1,2,1,5,2
41,220,2,5,5,1,4,1,1
41,220,2,5,4,2,2,1,1
41,220,2,5,1,1,1,5,2
41,220,2,5,1,2,1,5,2
41,220,2,5,1,1,1,5,2
42,220,1,5,5,1,4,1,1
42,220,1,5,4,2,2,1,1
42,220,1,5,3,1,1,1,1
42,220,1,5,3,2,1,2,2
42,220,1,5,3,1,1,2,1
43,220,2,5,5,1,4,1,1
43,220,2,5,4,2,2,1,1
43,220,2,5,1,1,1,5,2
43,220,2,5,1,2,1,5,2
43,220,2,5,1,2,1,5,2
44,220,1,5,5,1,4,1,1
44,220,1,5,4,2,2,1,1
44,220,1,5,1,2,1,5,2
44,220,1,5,1,1,1,5,2
44,220,1,5,1,1,1,5,2
45,30,2,5,5,1,4,1,1
45,30,2,5,4,2,2,1,1
45,30,2,5,3,1,1,1,1
45,30,2,5,4,1,2,1,1
45,30,2,5,4,1,1,1,1
46,220,2,5,5,1,4,1,1
46,220,2,5,5,2,2,1,1
46,220,2,5,1,2,1,5,2
46,220,2,5,1,1,1,5,2
46,220,2,5,1,1,1,5,2
47,220,2,5,5,1,4,1,1
47,220,2,5,5,2,2,1,1
47,220,2,5,3,1,1,3,1
47,220,2,5,2,2,1,1,2
47,220,2,5,1,1,1,3,2
48,220,1,5,5,1,2,1,1
48,220,1,5,5,2,2,1,1
48,220,1,5,3,1,1,1,2
48,220,1,5,2,2,1,1,2
48,220,1,5,1,2,1,5,2
49,220,3,5,5,1,2,1,1
49,220,3,5,5,2,2,1,1
49,220,3,5,3,1,1,1,2
49,220,3,5,2,2,1,1,2
49,220,3,5,1,2,1,5,2
50,220,2,5,5,1,2,1,1
50,220,2,5,5,2,2,1,1
50,220,2,5,3,1,1,3,2
50,220,2,5,3,1,1,1,1
50,220,2,5,1,2,1,5,2
51,220,2,5,5,1,2,1,1
51,220,2,5,5,2,2,1,1
51,220,2,5,3,2,1,1,2
51,220,2,5,2,2,1,1,2
51,220,2,5,1,2,1,5,2
52,220,2,5,5,1,2,1,1
52,220,2,5,5,2,3,1,1
52,220,2,5,4,2,1,1,1
52,220,2,5,4,2,1,1,1
52,220,2,5,4,1,1,1,1
53,220,1,5,5,1,2,1,1
53,220,1,5,5,2,2,1,1
53,220,1,5,4,1,1,1,1
53,220,1,5,1,1,1,5,2
53,220,1,5,1,2,1,5,2
54,220,2,5,5,1,2,1,1
54,220,2,5,5,2,1,1,1
54,220,2,5,3,1,1,1,2
54,220,2,5,3,1,1,1,1
54,220,2,5,1,1,1,5,2
55,220,2,5,5,1,2,1,1
55,220,2,5,5,2,1,1,1
55,220,2,5,3,1,1,1,2
55,220,2,5,1,2,1,5,2
55,220,2,5,1,1,1,5,2
56,220,1,5,5,1,2,1,1
56,220,1,5,5,2,1,1,1
56,220,1,5,3,1,1,1,2
56,220,1,5,3,1,1,1,2
56,220,1,5,3,2,1,3,2
57,220,1,5,5,1,2,1,1
57,220,1,5,5,2,1,1,1
57,220,1,5,3,2,1,1,2
57,220,1,5,3,2,1,2,1
57,220,1,5,2,2,1,5,2
58,220,1,5,5,1,2,1,1
58,220,1,5,5,2,1,1,1
58,220,1,5,1,2,1,5,2
58,220,1,5,1,2,1,5,2
58,220,1,5,1,1,1,5,2
59,30,1,5,5,1,2,1,1
59,30,1,5,5,2,1,1,1
59,30,1,5,4,1,1,1,1
59,30,1,5,4,1,2,2,1
59,30,1,5,1,2,1,5,2
60,220,1,5,5,1,2,1,1
60,220,1,5,5,2,1,1,1
60,220,1,5,2,1,1,3,2
60,220,1,5,1,2,1,5,2
60,220,1,5,1,1,1,5,2
61,220,1,5,5,1,2,1,1
61,220,1,5,5,2,1,1,1
61,220,1,5,2,1,1,3,2
61,220,1,5,1,2,1,5,2
61,220,1,5,1,2,1,5,2
62,220,2,5,5,1,2,1,1
62,220,2,5,5,2,1,1,1
62,220,2,5,5,2,2,1,1
62,220,2,5,4,1,1,2,1
62,220,2,5,3,1,1,1,2
63,220,1,5,5,1,2,1,1
63,220,1,5,5,2,1,1,1
63,220,1,5,3,2,1,3,2
63,220,1,5,3,1,1,1,2
63,220,1,5,3,1,1,1,1
64,220,3,5,5,1,2,1,1
64,220,3,5,5,2,1,1,1
64,220,3,5,4,1,1,2,1
64,220,3,5,1,1,1,5,2
64,220,3,5,1,1,1,5,2
65,30,2,5,5,1,2,1,1
65,30,2,5,5,2,1,1,1
65,30,2,5,4,1,2,1,1
65,30,2,5,4,2,2,1,1
65,30,2,5,4,1,2,1,1
66,30,1,5,5,1,2,1,1
66,30,1,5,5,2,1,1,1
66,30,1,5,4,1,2,1,1
66,30,1,5,4,2,2,1,1
66,30,1,5,4,1,2,1,1
67,220,1,5,5,1,2,1,1
67,220,1,5,5,2,1,1,1
67,220,1,5,3,1,1,3,1
67,220,1,5,3,2,1,1,1
67,220,1,5,3,2,1,1,1
68,220,1,5,5,1,2,1,1
68,220,1,5,5,2,1,1,1
68,220,1,5,3,1,1,1,1
68,220,1,5,3,1,1,1,2
68,220,1,5,2,1,1,1,2
69,220,3,5,5,1,2,1,1
69,220,3,5,5,2,1,1,1
69,220,3,5,3,2,1,1,1
69,220,3,5,1,2,1,5,2
69,220,3,5,1,1,1,5,2
70,220,3,5,5,1,2,1,1
70,220,3,5,5,2,1,1,1
70,220,3,5,4,1,1,1,1
70,220,3,5,3,1,1,1,1
70,220,3,5,3,2,1,1,2
71,220,2,5,5,1,2,1,1
71,220,2,5,5,2,1,1,1
71,220,2,5,4,1,1,1,1
71,220,2,5,4,1,1,1,2
71,220,2,5,4,1,1,1,1
72,220,1,5,5,1,2,1,1
72,220,1,5,5,2,1,1,1
72,220,1,5,4,1,1,2,1
72,220,1,5,3,1,1,1,1
72,220,1,5,3,2,1,1,1
73,220,1,5,5,1,2,1,1
73,220,1,5,5,2,1,1,1
73,220,1,5,3,2,1,1,1
73,220,1,5,1,1,1,5,2
73,220,1,5,1,1,1,5,2
74,30,1,5,5,1,2,1,1
74,30,1,5,5,2,1,1,1
74,30,1,5,4,1,1,1,1
74,30,1,5,4,1,2,1,1
74,30,1,5,1,2,1,5,2
75,30,2,5,5,1,2,1,1
75,30,2,5,5,2,1,1,1
75,30,2,5,4,1,1,1,1
75,30,2,5,4,1,2,1,1
75,30,2,5,1,2,1,5,2
76,30,3,5,5,1,2,1,1
76,30,3,5,5,2,1,1,1
76,30,3,5,4,1,1,1,1
76,30,3,5,4,1,2,1,1
76,30,3,5,1,2,1,5,2
77,220,3,5,5,1,2,1,1
77,220,3,5,5,2,1,1,1
77,220,3,5,3,1,1,1,2
77,220,3,5,2,2,1,3,2
77,220,3,5,1,1,1,5,2
78,220,3,5,5,1,2,1,1
78,220,3,5,5,2,1,1,1
78,220,3,5,3,2,1,1,2
78,220,3,5,3,1,1,1,1
78,220,3,5,1,1,1,5,2
79,220,1,5,5,1,2,1,1
79,220,1,5,5,2,1,1,1
79,220,1,5,3,1,1,1,2
79,220,1,5,2,1,1,1,2
79,220,1,5,1,2,1,5,2
80,220,0,5,5,1,2,1,1
80,220,0,5,4,2,1,1,1
80,220,0,5,2,1,1,1,2
80,220,0,5,1,1,1,5,2
80,220,0,5,1,2,1,5,2
81,220,0,5,5,1,2,1,1
81,220,0,5,4,2,1,1,1
81,220,0,5,3,1,1,1,1
81,220,0,5,3,2,1,1,1
81,220,0,5,3,1,1,1,1
82,220,0,5,5,1,2,1,1
82,220,0,5,4,2,1,1,1
82,220,0,5,4,2,1,1,1
82,220,0,5,3,2,1,3,1
82,220,0,5,2,2,1,3,2
83,220,1,5,5,1,2,1,1
83,220,1,5,4,2,1,1,1
83,220,1,5,1,2,1,5,2
83,220,1,5,1,1,1,5,2
83,220,1,5,1,2,1,5,2
84,220,2,5,5,1,2,1,1
84,220,2,5,4,2,1,1,1
84,220,2,5,2,2,1,1,2
84,220,2,5,1,1,1,5,2
84,220,2,5,1,1,1,5,2
85,220,1,5,5,1,2,1,1
85,220,1,5,4,2,1,1,1
85,220,1,5,1,1,1,5,2
85,220,1,5,1,1,1,5,2
85,220,1,5,1,1,1,5,2
86,220,1,5,5,1,2,1,1
86,220,1,5,4,2,1,1,1
86,220,1,5,1,2,1,5,2
86,220,1,5,1,2,1,5,2
86,220,1,5,1,1,1,5,2
87,220,1,5,5,1,2,1,1
87,220,1,5,4,2,1,1,1
87,220,1,5,1,1,1,5,2
87,220,1,5,1,1,1,5,2
87,220,1,5,1,2,1,5,2
88,220,1,5,5,1,2,1,1
88,220,1,5,4,2,1,1,1
88,220,1,5,3,2,1,1,1
88,220,1,5,3,1,1,1,1
88,220,1,5,2,1,1,3,2
89,220,1,5,5,1,2,1,1
89,220,1,5,4,2,1,1,1
89,220,1,5,3,2,1,3,2
89,220,1,5,1,2,1,5,2
89,220,1,5,1,1,1,5,2
90,220,2,5,5,1,2,1,1
90,220,2,5,4,2,1,1,1
90,220,2,5,1,2,1,5,2
90,220,2,5,1,2,1,5,2
90,220,2,5,1,1,1,5,2
91,220,2,5,5,1,2,1,1
91,220,2,5,4,2,1,1,1
91,220,2,5,1,2,1,5,2
91,220,2,5,1,1,1,5,2
91,220,2,5,1,1,1,5,2
92,30,1,5,5,1,2,1,1
92,30,1,5,4,2,1,1,1
92,30,1,5,4,2,1,2,1
92,30,1,5,1,1,1,5,2
92,30,1,5,1,2,1,5,2
93,30,2,5,5,1,2,1,1
93,30,2,5,5,2,1,1,1
93,30,2,5,4,2,1,2,1
93,30,2,5,1,1,1,3,2
93,30,2,5,1,2,1,5,2
94,220,1,5,5,1,2,1,1
94,220,1,5,5,2,1,1,1
94,220,1,5,3,2,1,1,2
94,220,1,5,3,2,1,1,1
94,220,1,5,2,1,1,3,2
95,220,1,5,5,1,2,1,1
95,220,1,5,5,2,1,1,1
95,220,1,5,3,2,1,3,2
95,220,1,5,2,1,1,1,2
95,220,1,5,1,1,1,5,2
96,220,2,5,5,2,2,2,1
96,220,2,5,5,1,2,1,1
96,220,2,5,3,2,1,1,2
96,220,2,5,3,2,1,2,1
96,220,2,5,2,1,1,1,2
97,220,2,5,5,2,2,2,1
97,220,2,5,5,1,2,1,1
97,220,2,5,3,2,1,1,1
97,220,2,5,2,1,1,3,2
97,220,2,5,1,1,1,5,2
98,220,2,5,5,2,2,2,1
98,220,2,5,5,1,2,1,1
98,220,2,5,3,1,1,1,1
98,220,2,5,3,2,1,2,2
98,220,2,5,3,1,1,2,1
99,220,2,5,5,2,2,2,1
99,220,2,5,5,1,2,1,1
99,220,2,5,1,1,1,5,2
99,220,2,5,1,2,1,5,2
99,220,2,5,1,1,1,5,2
100,220,2,5,5,2,2,2,1
100,220,2,5,5,1,2,1,1
100,220,2,5,3,2,1,1,2
100,220,2,5,2,2,1,1,2
100,220,2,5,1,1,1,5,2
101,220,0,5,5,2,2,2,1
101,220,0,5,5,1,2,1,1
101,220,0,5,3,2,1,1,1
101,220,0,5,1,2,1,5,2
101,220,0,5,1,1,1,5,2
102,220,0,5,5,2,2,2,1
102,220,0,5,5,1,2,1,1
102,220,0,5,2,2,1,3,2
102,220,0,5,1,1,1,5,2
102,220,0,5,1,1,1,5,2
103,220,0,5,5,2,4,2,1
103,220,0,5,5,1,2,1,1
103,220,0,5,4,2,1,2,1
103,220,0,5,3,1,1,3,1
103,220,0,5,2,2,1,1,2
104,220,1,5,5,2,4,2,1
104,220,1,5,5,1,2,1,1
104,220,1,5,4,1,1,1,2
104,220,1,5,3,1,1,1,2
104,220,1,5,3,1,1,1,2
105,220,1,5,5,2,4,2,1
105,220,1,5,5,1,2,1,1
105,220,1,5,2,1,1,1,2
105,220,1,5,1,1,1,5,2
105,220,1,5,1,1,1,5,2
106,220,1,5,5,2,4,2,1
106,220,1,5,5,1,2,1,1
106,220,1,5,2,1,1,3,2
106,220,1,5,1,1,1,5,2
106,220,1,5,1,2,1,5,2
107,220,0,5,5,2,4,2,1
107,220,0,5,5,1,2,1,1
107,220,0,5,3,2,1,1,2
107,220,0,5,3,1,1,1,2
107,220,0,5,3,2,1,1,2
108,220,1,5,5,2,4,2,1
108,220,1,5,5,1,2,1,1
108,220,1,5,1,1,1,5,2
108,220,1,5,1,2,1,5,2
108,220,1,5,1,1,1,5,2
109,220,2,5,5,2,4,2,1
109,220,2,5,5,1,2,1,1
109,220,2,5,3,2,1,1,2
109,220,2,5,3,1,1,1,2
109,220,2,5,3,1,1,1,1
110,220,1,5,5,2,4,2,1
110,220,1,5,5,1,2,1,1
110,220,1,5,3,2,2,1,1
110,220,1,5,1,2,1,5,2
110,220,1,5,1,2,1,5,2
111,220,1,5,5,2,4,2,1
111,220,1,5,5,1,2,1,1
111,220,1,5,1,1,1,5,2
111,220,1,5,1,1,1,5,2
111,220,1,5,1,1,1,5,2
112,220,1,5,5,2,4,2,1
112,220,1,5,5,1,2,1,1
112,220,1,5,3,1,1,2,2
112,220,1,5,3,2,1,1,1
112,220,1,5,2,1,1,3,2
113,220,0,5,5,2,4,2,1
113,220,0,5,5,1,2,1,1
113,220,0,5,4,2,1,1,1
113,220,0,5,3,2,1,2,1
113,220,0,5,3,2,1,1,2
114,220,0,5,5,2,4,2,1
114,220,0,5,5,1,2,1,1
114,220,0,5,4,2,1,1,1
114,220,0,5,3,1,1,2,2
114,220,0,5,2,1,1,3,2
115,220,0,5,5,2,4,2,1
115,220,0,5,5,1,2,1,1
115,220,0,5,3,2,1,1,2
115,220,0,5,1,2,1,5,2
115,220,0,5,1,1,1,5,2
116,230,2,5,5,2,4,2,1
116,230,2,5,5,1,2,1,1
116,230,2,5,2,2,1,3,2
116,230,2,5,1,2,1,5,2
116,230,2,5,1,1,1,5,2
117,220,1,5,5,2,4,2,1
117,220,1,5,5,1,2,1,1
117,220,1,5,4,1,1,1,2
117,220,1,5,3,1,1,1,1
117,220,1,5,3,2,1,3,1
118,220,2,5,5,2,4,2,1
118,220,2,5,5,1,2,1,1
118,220,2,5,4,2,1,1,1
118,220,2,5,2,1,1,3,2
118,220,2,5,2,1,1,1,2
119,220,2,5,5,2,4,2,1
119,220,2,5,5,1,2,1,1
119,220,2,5,4,2,1,1,1
119,220,2,5,3,1,1,1,2
119,220,2,5,3,1,1,1,1
120,220,2,5,5,2,4,2,1
120,220,2,5,5,1,2,1,1
120,220,2,5,4,1,1,2,1
120,220,2,5,3,2,1,1,2
120,220,2,5,2,2,1,3,2
121,30,2,5,5,2,4,2,1
121,30,2,5,5,1,2,1,1
121,30,2,5,4,1,1,1,1
121,30,2,5,4,1,1,2,1
121,30,2,5,1,2,1,5,2
122,220,2,5,5,2,4,1,1
122,220,2,5,5,1,2,1,1
122,220,2,5,4,2,1,2,1
122,220,2,5,3,1,1,1,1
122,220,2,5,3,1,1,1,2
123,220,3,5,5,2,4,1,1
123,220,3,5,5,1,2,1,1
123,220,3,5,4,2,1,1,1
123,220,3,5,3,1,1,1,1
123,220,3,5,2,2,1,3,2
124,220,4,5,5,2,4,1,1
124,220,4,5,5,1,2,1,1
124,220,4,5,1,2,1,5,2
124,220,4,5,1,1,1,5,2
124,220,4,5,1,1,1,5,2
125,220,3,5,5,2,4,1,1
125,220,3,5,5,1,2,1,1
125,220,3,5,4,1,1,2,1
125,220,3,5,3,2,1,1,2
125,220,3,5,2,1,1,3,2
126,220,1,5,5,2,2,1,1
126,220,1,5,5,1,2,1,1
126,220,1,5,2,2,1,1,2
126,220,1,5,2,2,1,3,2
126,220,1,5,1,1,1,5,2
127,30,1,5,5,2,2,1,1
127,30,1,5,5,1,2,1,1
127,30,1,5,4,1,1,1,1
127,30,1,5,1,2,1,5,2
127,30,1,5,1,1,1,5,2
128,30,2,5,5,2,2,1,1
128,30,2,5,5,1,2,1,1
128,30,2,5,4,1,1,1,1
128,30,2,5,3,2,1,1,2
128,30,2,5,3,2,2,1,2
129,220,2,5,5,2,2,1,1
129,220,2,5,5,1,2,1,1
129,220,2,5,3,2,1,2,1
129,220,2,5,4,1,1,5,2
129,220,2,5,1,1,1,5,2
130,220,3,5,5,2,2,1,1
130,220,3,5,5,1,2,1,1
130,220,3,5,2,2,1,3,2
130,220,3,5,1,1,1,5,2
130,220,3,5,1,1,1,5,2
131,220,2,5,5,2,2,1,1
131,220,2,5,5,1,2,1,1
131,220,2,5,3,2,1,3,1
131,220,2,5,3,2,1,1,2
131,220,2,5,3,1,1,3,1
132,220,2,5,5,2,2,1,1
132,220,2,5,5,1,2,1,1
132,220,2,5,1,1,1,5,2
132,220,2,5,1,1,1,5,2
132,220,2,5,1,1,1,5,2
133,220,1,5,5,2,2,1,1
133,220,1,5,5,1,2,1,1
133,220,1,5,3,2,1,1,2
133,220,1,5,3,2,1,1,1
133,220,1,5,1,1,1,5,2
134,220,2,5,5,2,2,1,1
134,220,2,5,5,1,2,1,1
134,220,2,5,1,2,1,5,2
134,220,2,5,1,1,1,5,2
134,220,2,5,1,1,1,5,2
135,220,1,5,5,2,2,1,1
135,220,1,5,5,1,2,1,1
135,220,1,5,1,2,1,5,2
135,220,1,5,1,1,1,5,2
135,220,1,5,1,1,1,5,2
136,220,2,5,5,2,2,1,1
136,220,2,5,5,1,2,1,1
136,220,2,5,3,2,1,1,2
136,220,2,5,3,2,1,3,2
136,220,2,5,2,2,1,1,2
137,220,2,5,5,2,2,1,1
137,220,2,5,5,1,2,1,1
137,220,2,5,2,1,1,1,2
137,220,2,5,1,1,1,5,2
137,220,2,5,1,2,1,5,2
138,220,1,5,5,2,2,1,1
138,220,1,5,5,1,2,1,1
138,220,1,5,3,2,1,1,2
138,220,1,5,2,1,1,3,2
138,220,1,5,1,2,1,5,2
139,220,1,5,5,2,2,1,1
139,220,1,5,5,1,2,1,1
139,220,1,5,1,1,1,5,2
139,220,1,5,1,1,1,5,2
139,220,1,5,1,2,1,5,2
140,220,2,5,5,2,2,1,1
140,220,2,5,5,1,2,1,1
140,220,2,5,1,1,1,5,2
140,220,2,5,1,1,1,5,2
140,220,2,5,1,2,1,5,2
141,220,2,5,5,2,2,1,1
141,220,2,5,5,1,2,1,1
141,220,2,5,3,2,1,1,2
141,220,2,5,2,2,1,3,2
141,220,2,5,1,2,1,5,2
142,220,2,5,5,2,2,1,1
142,220,2,5,5,1,2,1,1
142,220,2,5,1,1,1,5,2
142,220,2,5,1,1,1,5,2
142,220,2,5,1,1,1,5,2
143,220,3,5,5,2,2,1,1
143,220,3,5,5,1,2,1,1
143,220,3,5,2,2,1,1,2
143,220,3,5,1,1,1,5,2
143,220,3,5,1,1,1,5,2
144,220,2,5,5,1,4,1,1
144,220,2,5,5,2,2,1,1
144,220,2,5,1,1,1,5,2
144,220,2,5,1,1,1,5,2
144,220,2,5,1,1,1,5,2
145,220,2,5,5,1,4,1,1
145,220,2,5,5,2,2,1,1
145,220,2,5,3,2,1,3,1
145,220,2,5,2,1,1,3,2
145,220,2,5,1,1,1,5,2
146,30,3,5,5,1,4,1,1
146,30,3,5,5,2,2,1,1
146,30,3,5,1,1,1,5,2
146,30,3,5,1,2,1,5,2
146,30,3,5,1,2,1,5,2
147,220,3,5,5,1,4,1,1
147,220,3,5,5,2,2,1,1
147,220,3,5,3,2,1,1,1
147,220,3,5,3,1,1,1,1
147,220,3,5,2,1,1,1,2
148,220,1,5,5,1,4,1,1
148,220,1,5,5,2,2,1,1
148,220,1,5,2,2,1,1,2
148,220,1,5,1,2,1,5,2
148,220,1,5,1,2,1,5,2
149,30,3,5,5,1,4,1,1
149,30,3,5,5,2,2,1,1
149,30,3,5,4,1,1,2,1
149,30,3,5,4,1,1,1,1
149,30,3,5,4,1,2,1,1
150,30,1,5,5,1,4,1,1
150,30,1,5,5,2,2,1,1
150,30,1,5,4,1,1,2,1
150,30,1,5,4,1,1,1,1
150,30,1,5,4,1,2,1,1
151,220,1,5,5,1,4,1,1
151,220,1,5,5,2,2,1,1
151,220,1,5,2,1,1,3,2
151,220,1,5,1,2,1,5,2
151,220,1,5,1,1,1,5,2
152,220,1,5,5,1,4,1,1
152,220,1,5,5,2,2,1,1
152,220,1,5,4,1,1,1,1
152,220,1,5,3,2,1,3,1
152,220,1,5,1,1,1,5,2
153,30,1,5,5,1,4,1,1
153,30,1,5,5,2,2,1,1
153,30,1,5,5,1,2,1,2
153,30,1,5,1,2,1,5,2
153,30,1,5,1,1,1,5,2
154,220,1,5,5,1,4,1,1
154,220,1,5,5,2,2,1,1
154,220,1,5,3,1,1,1,2
154,220,1,5,3,2,1,1,2
154,220,1,5,3,1,1,2,1
155,220,1,5,5,1,4,1,1
155,220,1,5,5,2,2,1,1
155,220,1,5,4,1,1,2,2
155,220,1,5,3,2,1,1,1
155,220,1,5,3,1,1,1,2
156,220,1,5,5,1,4,1,1
156,220,1,5,5,2,2,1,1
156,220,1,5,4,2,1,1,2
156,220,1,5,3,1,1,1,2
156,220,1,5,3,1,1,5,1
157,220,2,5,5,1,4,1,1
157,220,2,5,5,2,2,1,1
157,220,2,5,3,1,1,1,2
157,220,2,5,3,1,1,1,1
157,220,2,5,2,1,1,3,2
158,220,2,5,5,1,4,1,1
158,220,2,5,5,2,2,1,1
158,220,2,5,3,1,1,1,2
158,220,2,5,3,1,1,1,1
158,220,2,5,2,1,1,3,2
159,220,0,5,5,1,4,1,1
159,220,0,5,5,2,2,1,1
159,220,0,5,1,1,1,5,2
159,220,0,5,1,2,1,5,2
159,220,0,5,1,1,1,5,2
160,220,2,5,5,1,4,1,1
160,220,2,5,5,2,2,1,1
160,220,2,5,4,2,1,2,1
160,220,2,5,4,2,1,1,2
160,220,2,5,4,1,1,1,1
161,220,2,5,5,1,4,1,1
161,220,2,5,5,2,2,1,1
161,220,2,5,4,2,1,2,1
161,220,2,5,4,2,1,1,2
161,220,2,5,4,1,1,1,1
162,220,2,5,5,1,4,1,1
162,220,2,5,5,2,2,1,1
162,220,2,5,3,1,1,1,1
162,220,2,5,1,1,1,5,2
162,220,2,5,1,2,1,5,2
163,220,1,5,5,1,4,1,1
163,220,1,5,5,2,2,1,1
163,220,1,5,3,2,1,1,1
163,220,1,5,1,2,1,5,2
163,220,1,5,1,2,1,5,2
164,220,1,5,5,1,4,1,1
164,220,1,5,5,2,2,1,1
164,220,1,5,4,2,1,1,1
164,220,1,5,1,1,1,5,2
164,220,1,5,1,2,1,5,2
165,220,2,5,5,1,4,1,1
165,220,2,5,5,2,2,1,1
165,220,2,5,2,2,1,1,2
165,220,2,5,1,1,1,5,2
165,220,2,5,1,1,1,5,2
166,220,2,5,5,1,4,1,1
166,220,2,5,5,2,2,1,1
166,220,2,5,4,2,1,5,2
166,220,2,5,1,2,1,5,2
166,220,2,5,1,1,1,5,2
167,220,1,5,5,1,4,1,1
167,220,1,5,5,2,2,1,1
167,220,1,5,3,2,1,1,2
167,220,1,5,2,2,1,3,2
167,220,1,5,2,1,1,1,2
168,220,2,5,5,1,4,1,1
168,220,2,5,5,2,2,1,1
168,220,2,5,3,2,1,1,2
168,220,2,5,2,2,1,3,2
168,220,2,5,2,1,1,1,2
169,220,2,5,5,1,4,1,1
169,220,2,5,5,2,2,1,1
169,220,2,5,3,1,1,1,1
169,220,2,5,3,1,1,3,1
169,220,2,5,3,2,1,1,2
170,220,2,5,5,1,4,1,1
170,220,2,5,5,2,2,1,1
170,220,2,5,4,1,1,1,1
170,220,2,5,3,1,1,1,2
170,220,2,5,2,2,1,3,2
171,220,1,5,5,1,4,1,1
171,220,1,5,5,2,2,1,1
171,220,1,5,4,1,1,1,1
171,220,1,5,4,1,1,1,1
171,220,1,5,3,1,1,1,2
172,220,1,5,5,1,4,1,1
172,220,1,5,5,2,2,1,1
172,220,1,5,3,2,1,1,1
172,220,1,5,2,2,1,3,2
172,220,1,5,1,1,1,5,2
173,220,1,5,5,1,4,1,1
173,220,1,5,5,2,2,1,1
173,220,1,5,4,2,1,1,1
173,220,1,5,1,1,1,5,2
173,220,1,5,1,1,1,5,2
174,220,1,5,5,1,4,1,1
174,220,1,5,5,2,2,1,1
174,220,1,5,3,2,1,1,2
174,220,1,5,3,1,1,3,1
174,220,1,5,2,2,1,3,2
175,220,1,5,5,1,4,1,1
175,220,1,5,5,2,2,1,1
175,220,1,5,3,2,1,3,1
175,220,1,5,2,1,1,3,2
175,220,1,5,1,1,1,5,2
176,220,1,5,5,1,4,1,1
176,220,1,5,5,2,2,1,1
176,220,1,5,3,2,1,1,1
176,220,1,5,2,1,1,3,2
176,220,1,5,1,1,1,5,2
177,220,1,5,5,1,4,1,1
177,220,1,5,5,2,2,1,1
177,220,1,5,3,1,1,1,2
177,220,1,5,1,1,1,5,2
177,220,1,5,1,1,1,5,2
178,220,3,5,5,1,4,1,1
178,220,3,5,5,2,2,1,1
178,220,3,5,4,2,1,1,1
178,220,3,5,4,1,1,1,1
178,220,3,5,4,1,1,1,1
179,220,1,5,5,1,4,1,1
179,220,1,5,5,2,2,1,1
179,220,1,5,4,2,1,1,1
179,220,1,5,1,2,1,5,2
179,220,1,5,1,1,1,5,2
180,30,1,5,5,1,4,2,1
180,30,1,5,5,2,2,1,1
180,30,1,5,3,1,1,1,1
180,30,1,5,1,1,1,5,2
180,30,1,5,1,1,1,5,2
181,220,1,5,5,1,4,2,1
181,220,1,5,5,2,2,1,1
181,220,1,5,3,2,1,1,1
181,220,1,5,2,2,1,3,2
181,220,1,5,1,1,1,5,2
182,220,2,5,5,1,4,2,1
182,220,2,5,5,2,2,1,1
182,220,2,5,3,1,1,1,2
182,220,2,5,2,1,1,1,2
182,220,2,5,1,2,1,5,2
183,220,2,5,5,1,4,2,1
183,220,2,5,5,2,2,1,1
183,220,2,5,4,2,1,1,1
183,220,2,5,3,1,1,3,1
183,220,2,5,3,2,1,1,1
184,220,3,5,5,1,4,1,1
184,220,3,5,5,2,2,1,1
184,220,3,5,3,1,1,1,1
184,220,3,5,2,1,1,1,2
184,220,3,5,1,1,1,5,2
185,220,0,5,5,1,4,1,1
185,220,0,5,5,2,2,1,1
185,220,0,5,3,1,1,1,1
185,220,0,5,1,1,1,5,2
185,220,0,5,1,2,1,5,2
186,220,0,5,5,1,4,1,1
186,220,0,5,5,2,2,1,1
186,220,0,5,4,1,1,1,1
186,220,0,5,3,2,1,3,2
186,220,0,5,2,2,1,3,2
187,220,0,5,5,1,4,1,1
187,220,0,5,5,2,2,1,1
187,220,0,5,1,1,1,5,2
187,220,0,5,1,2,1,5,2
187,220,0,5,1,2,1,5,2
188,220,1,5,5,1,4,1,1
188,220,1,5,5,2,2,1,1
188,220,1,5,3,1,1,1,1
188,220,1,5,3,1,1,1,2
188,220,1,5,3,1,1,1,1
189,220,5,5,5,1,4,1,1
189,220,5,5,5,2,2,1,1
189,220,5,5,1,2,1,5,2
189,220,5,5,1,1,1,5,2
189,220,5,5,1,1,1,5,2
190,30,0,5,5,1,4,1,1
190,30,0,5,5,2,2,1,1
190,30,0,5,5,1,2,1,2
190,30,0,5,4,1,1,1,1
190,30,0,5,4,2,1,2,1
191,220,0,5,5,1,4,1,1
191,220,0,5,5,2,2,1,1
191,220,0,5,3,1,1,1,2
191,220,0,5,1,1,1,5,2
191,220,0,5,1,1,1,5,2
192,220,1,5,5,1,4,1,1
192,220,1,5,5,2,2,1,1
192,220,1,5,3,2,1,1,1
192,220,1,5,2,2,1,3,2
192,220,1,5,1,1,1,5,2
193,220,2,5,5,1,4,1,1
193,220,2,5,5,2,2,1,1
193,220,2,5,3,1,1,3,1
193,220,2,5,2,2,1,1,2
193,220,2,5,1,1,1,3,2
194,220,1,5,5,2,4,2,1
194,220,1,5,5,1,2,1,1
194,220,1,5,4,1,1,1,2
194,220,1,5,3,1,1,1,1
194,220,1,5,3,2,1,3,1
195,220,1,5,5,1,2,1,1
195,220,1,5,5,2,1,1,1
195,220,1,5,3,1,1,3,1
195,220,1,5,3,2,1,1,1
195,220,1,5,3,2,1,1,1
196,220,0,5,5,2,4,2,1
196,220,0,5,5,1,2,1,1
196,220,0,5,4,2,1,2,1
196,220,0,5,3,1,1,3,1
196,220,0,5,2,2,1,1,2
197,220,2,5,5,1,4,1,1
197,220,2,5,4,2,2,1,1
197,220,2,5,3,1,1,1,1
197,220,2,5,3,1,1,2,2
197,220,2,5,3,2,1,1,2
198,220,2,5,5,1,4,1,1
198,220,2,5,4,2,2,1,1
198,220,2,5,2,2,1,3,2
198,220,2,5,1,1,1,5,2
198,220,2,5,1,1,1,5,2
199,220,5,5,5,1,4,1,1
199,220,5,5,4,2,2,1,1
199,220,5,5,1,1,1,5,2
199,220,5,5,1,1,1,5,2
199,220,5,5,1,1,1,5,2
200,220,1,5,5,1,2,1,1
200,220,1,5,4,2,1,1,1
200,220,1,5,1,1,1,5,2
200,220,1,5,1,1,1,5,2
200,220,1,5,1,2,1,5,2
201,220,3,5,5,1,2,1,1
201,220,3,5,5,2,1,1,1
201,220,3,5,4,1,1,1,1
201,220,3,5,3,1,1,1,1
201,220,3,5,3,2,1,1,2
202,220,1,5,5,1,2,1,1
202,220,1,5,4,2,1,1,1
202,220,1,5,3,2,1,1,1
202,220,1,5,3,1,1,1,1
202,220,1,5,2,1,1,3,2
203,220,2,5,5,2,2,1,1
203,220,2,5,5,1,2,1,1
203,220,2,5,1,1,1,5,2
203,220,2,5,1,1,1,5,2
203,220,2,5,1,2,1,5,2
204,220,1,5,5,1,2,1,1
204,220,1,5,5,2,1,1,1
204,220,1,5,1,2,1,5,2
204,220,1,5,1,2,1,5,2
204,220,1,5,1,1,1,5,2
205,220,2,5,5,1,4,1,1
205,220,2,5,4,2,2,1,1
205,220,2,5,1,1,1,5,2
205,220,2,5,1,2,1,5,2
205,220,2,5,1,1,1,5,2
206,220,1,5,5,1,2,1,1
206,220,1,5,4,2,1,1,1
206,220,1,5,1,1,1,5,2
206,220,1,5,1,1,1,5,2
206,220,1,5,1,2,1,5,2
207,220,1,5,5,1,4,1,1
207,220,1,5,5,2,2,1,1
207,220,1,5,3,2,1,1,2
207,220,1,5,3,1,1,3,1
207,220,1,5,2,2,1,3,2
208,220,1,5,5,1,2,1,1
208,220,1,5,4,2,1,1,1
208,220,1,5,3,2,1,1,1
208,220,1,5,3,1,1,1,1
208,220,1,5,2,1,1,3,2
209,220,0,5,5,1,2,1,1
209,220,0,5,4,2,1,1,1
209,220,0,5,3,1,1,1,1
209,220,0,5,3,2,1,1,1
209,220,0,5,3,1,1,1,1
210,220,2,5,5,1,4,1,1
210,220,2,5,5,2,2,1,1
210,220,2,5,2,2,1,1,2
210,220,2,5,1,1,1,5,2
210,220,2,5,1,1,1,5,2
211,220,1,5,5,1,4,1,1
211,220,1,5,4,2,2,1,1
211,220,1,5,4,1,1,1,1
211,220,1,5,3,2,1,3,2
211,220,1,5,1,2,1,5,2
212,220,3,5,5,1,2,1,1
212,220,3,5,5,2,1,1,1
212,220,3,5,3,1,1,1,2
212,220,3,5,2,2,1,3,2
212,220,3,5,1,1,1,5,2
213,220,1,5,5,1,2,1,1
213,220,1,5,5,2,1,1,1
213,220,1,5,4,1,1,2,1
213,220,1,5,3,1,1,1,1
213,220,1,5,3,2,1,1,1
214,220,2,5,5,1,4,1,1
214,220,2,5,4,2,2,1,1
214,220,2,5,3,1,1,1,1
214,220,2,5,3,1,1,2,2
214,220,2,5,3,2,1,1,2
215,220,1,5,5,1,4,1,1
215,220,1,5,5,2,2,1,1
215,220,1,5,2,2,1,1,2
215,220,1,5,1,2,1,5,2
215,220,1,5,1,2,1,5,2
216,220,0,5,5,2,4,2,1
216,220,0,5,5,1,2,1,1
216,220,0,5,3,2,1,1,2
216,220,0,5,1,2,1,5,2
216,220,0,5,1,1,1,5,2
217,220,1,5,5,1,2,1,1
217,220,1,5,5,2,1,1,1
217,220,1,5,3,1,1,1,2
217,220,1,5,2,1,1,1,2
217,220,1,5,1,2,1,5,2
218,220,1,5,5,1,4,1,1
218,220,1,5,5,2,2,1,1
218,220,1,5,3,2,1,3,1
218,220,1,5,2,1,1,3,2
218,220,1,5,1,1,1,5,2
219,220,0,5,5,1,2,1,1
219,220,0,5,4,2,1,1,1
219,220,0,5,4,2,1,1,1
219,220,0,5,3,2,1,3,1
219,220,0,5,2,2,1,3,2
220,220,2,5,5,2,2,2,1
220,220,2,5,5,1,2,1,1
220,220,2,5,1,1,1,5,2
220,220,2,5,1,2,1,5,2
220,220,2,5,1,1,1,5,2
221,220,1,5,5,1,4,1,1
221,220,1,5,5,2,2,1,1
221,220,1,5,3,1,1,1,2
221,220,1,5,1,1,1,5,2
221,220,1,5,1,1,1,5,2
222,220,1,5,5,1,4,1,1
222,220,1,5,4,2,2,1,1
222,220,1,5,3,1,1,1,2
222,220,1,5,3,1,1,3,1
222,220,1,5,2,1,1,1,2
223,220,3,5,5,1,4,1,1
223,220,3,5,5,2,2,1,1
223,220,3,5,3,2,1,1,1
223,220,3,5,3,1,1,1,1
223,220,3,5,2,1,1,1,2
224,220,3,5,5,1,4,1,1
224,220,3,5,5,2,2,1,1
224,220,3,5,3,2,1,1,1
224,220,3,5,3,1,1,1,1
224,220,3,5,2,1,1,1,2
225,220,2,5,5,2,2,1,1
225,220,2,5,5,1,2,1,1
225,220,2,5,1,1,1,5,2
225,220,2,5,1,1,1,5,2
225,220,2,5,1,1,1,5,2
226,220,1,5,5,1,4,1,1
226,220,1,5,5,2,2,1,1
226,220,1,5,3,2,1,1,2
226,220,1,5,2,2,1,3,2
226,220,1,5,2,1,1,1,2
227,230,3,5,5,1,4,1,1
227,230,3,5,4,2,2,1,1
227,230,3,5,4,2,1,2,1
227,230,3,5,3,1,1,3,2
227,230,3,5,2,1,1,3,2
228,220,2,5,5,1,4,1,1
228,220,2,5,4,2,2,1,1
228,220,2,5,3,1,1,1,1
228,220,2,5,3,1,1,2,2
228,220,2,5,3,2,1,1,2
229,220,0,5,5,1,4,1,1
229,220,0,5,5,2,2,1,1
229,220,0,5,3,1,1,1,1
229,220,0,5,1,1,1,5,2
229,220,0,5,1,2,1,5,2
230,30,1,5,5,2,2,1,1
230,30,1,5,5,1,2,1,1
230,30,1,5,4,1,1,1,1
230,30,1,5,1,2,1,5,2
230,30,1,5,1,1,1,5,2
231,230,3,5,5,1,4,1,1
231,230,3,5,4,2,2,1,1
231,230,3,5,4,2,1,2,1
231,230,3,5,3,1,1,3,2
231,230,3,5,2,1,1,3,2
232,220,3,5,5,1,4,1,1
232,220,3,5,4,2,2,1,1
232,220,3,5,3,1,1,1,2
232,220,3,5,3,1,1,1,1
232,220,3,5,2,1,1,3,2
233,220,1,5,5,1,4,1,1
233,220,1,5,5,2,2,1,1
233,220,1,5,2,1,1,3,2
233,220,1,5,1,2,1,5,2
233,220,1,5,1,1,1,5,2
234,220,1,5,5,1,4,1,1
234,220,1,5,5,2,2,1,1
234,220,1,5,3,2,1,1,1
234,220,1,5,1,2,1,5,2
234,220,1,5,1,2,1,5,2
235,220,0,5,5,2,4,2,1
235,220,0,5,5,1,2,1,1
235,220,0,5,4,2,1,1,1
235,220,0,5,3,1,1,2,2
235,220,0,5,2,1,1,3,2
236,220,2,5,5,1,4,2,1
236,220,2,5,5,2,2,1,1
236,220,2,5,4,2,1,1,1
236,220,2,5,3,1,1,3,1
236,220,2,5,3,2,1,1,1
237,220,2,5,5,1,4,1,1
237,220,2,5,4,2,2,1,1
237,220,2,5,1,1,1,5,2
237,220,2,5,1,2,1,5,2
237,220,2,5,1,2,1,5,2
238,230,1,5,5,1,4,1,1
238,230,1,5,4,2,2,1,1
238,230,1,5,3,1,1,1,1
238,230,1,5,3,2,1,2,1
238,230,1,5,3,2,1,1,1
239,30,2,5,5,2,2,1,1
239,30,2,5,5,1,2,1,1
239,30,2,5,4,1,1,1,1
239,30,2,5,3,2,1,1,2
239,30,2,5,3,2,2,1,2
240,30,2,5,5,2,2,1,1
240,30,2,5,5,1,2,1,1
240,30,2,5,4,1,1,1,1
240,30,2,5,3,2,1,1,2
240,30,2,5,3,2,2,1,2
241,220,1,5,5,1,4,1,1
241,220,1,5,5,2,2,1,1
241,220,1,5,4,2,1,1,1
241,220,1,5,1,1,1,5,2
241,220,1,5,1,2,1,5,2
242,220,1,5,5,1,2,1,1
242,220,1,5,5,2,2,1,1
242,220,1,5,4,1,1,1,1
242,220,1,5,1,1,1,5,2
242,220,1,5,1,2,1,5,2
243,220,1,5,5,2,2,1,1
243,220,1,5,5,1,2,1,1
243,220,1,5,3,2,1,1,2
243,220,1,5,3,2,1,1,1
243,220,1,5,1,1,1,5,2
244,220,5,5,5,1,4,1,1
244,220,5,5,4,2,2,1,1
244,220,5,5,1,2,1,5,2
244,220,5,5,1,1,1,5,2
244,220,5,5,1,1,1,5,2
245,220,1,5,5,1,4,1,1
245,220,1,5,4,2,2,1,1
245,220,1,5,4,2,1,1,2
245,220,1,5,2,2,1,1,2
245,220,1,5,1,2,1,5,2
246,220,1,5,5,1,2,1,1
246,220,1,5,5,2,1,1,1
246,220,1,5,3,1,1,1,2
246,220,1,5,2,1,1,1,2
246,220,1,5,1,2,1,5,2
247,220,2,5,5,2,2,1,1
247,220,2,5,5,1,2,1,1
247,220,2,5,1,1,1,5,2
247,220,2,5,1,1,1,5,2
247,220,2,5,1,1,1,5,2
248,220,1,5,5,2,4,2,1
248,220,1,5,5,1,2,1,1
248,220,1,5,2,1,1,1,2
248,220,1,5,1,1,1,5,2
248,220,1,5,1,1,1,5,2
249,220,1,5,5,1,4,1,1
249,220,1,5,4,2,2,1,1
249,220,1,5,3,1,1,1,1
249,220,1,5,3,2,1,2,2
249,220,1,5,3,1,1,2,1
250,220,0,5,5,1,4,1,1
250,220,0,5,5,2,2,1,1
250,220,0,5,4,1,1,1,1
250,220,0,5,3,2,1,3,2
250,220,0,5,2,2,1,3,2
251,220,3,5,5,1,4,1,1
251,220,3,5,4,2,2,1,1
251,220,3,5,3,1,1,1,2
251,220,3,5,3,1,1,1,1
251,220,3,5,2,1,1,3,2
252,220,2,5,5,2,4,2,1
252,220,2,5,5,1,2,1,1
252,220,2,5,4,1,1,2,1
252,220,2,5,3,2,1,1,2
252,220,2,5,2,2,1,3,2
253,220,0,5,5,1,4,1,1
253,220,0,5,4,1,2,1,1
253,220,0,5,1,2,1,5,2
253,220,0,5,1,1,1,5,2
253,220,0,5,1,1,1,5,2
254,30,2,5,5,1,2,1,1
254,30,2,5,5,2,1,1,1
254,30,2,5,4,1,2,1,1
254,30,2,5,4,2,2,1,1
254,30,2,5,4,1,2,1,1
255,220,2,5,5,1,4,1,1
255,220,2,5,5,2,2,1,1
255,220,2,5,3,1,1,1,1
255,220,2,5,3,1,1,3,1
255,220,2,5,3,2,1,1,2
256,220,1,5,5,1,2,1,1
256,220,1,5,5,2,1,1,1
256,220,1,5,3,2,1,1,2
256,220,1,5,3,2,1,2,1
256,220,1,5,2,2,1,5,2
257,220,1,5,5,1,4,1,1
257,220,1,5,4,2,2,1,1
257,220,1,5,1,2,1,5,2
257,220,1,5,1,1,1,5,2
257,220,1,5,1,1,1,5,2
258,220,0,5,5,2,2,2,1
258,220,0,5,5,1,2,1,1
258,220,0,5,2,2,1,3,2
258,220,0,5,1,1,1,5,2
258,220,0,5,1,1,1,5,2
259,220,2,5,5,2,4,2,1
259,220,2,5,5,1,2,1,1
259,220,2,5,4,2,1,1,1
259,220,2,5,3,1,1,1,2
259,220,2,5,3,1,1,1,1
260,220,2,5,5,1,4,1,1
260,220,2,5,4,2,2,1,1
260,220,2,5,2,2,1,1,2
260,220,2,5,2,1,1,1,2
260,220,2,5,1,1,1,5,2
261,220,1,5,5,1,4,1,1
261,220,1,5,5,2,2,1,1
261,220,1,5,3,2,1,1,2
261,220,1,5,3,1,1,3,1
261,220,1,5,2,2,1,3,2
262,220,0,5,5,1,2,1,1
262,220,0,5,4,2,1,1,1
262,220,0,5,4,2,1,1,1
262,220,0,5,3,2,1,3,1
262,220,0,5,2,2,1,3,2
263,220,2,5,5,1,2,1,1
263,220,2,5,4,2,1,1,1
263,220,2,5,1,2,1,5,2
263,220,2,5,1,1,1,5,2
263,220,2,5,1,1,1,5,2
264,30,2,5,5,2,2,1,1
264,30,2,5,5,1,2,1,1
264,30,2,5,4,1,1,1,1
264,30,2,5,3,2,1,1,2
264,30,2,5,3,2,2,1,2
265,220,2,5,5,2,2,1,1
265,220,2,5,5,1,2,1,1
265,220,2,5,1,1,1,5,2
265,220,2,5,1,1,1,5,2
265,220,2,5,1,1,1,5,2
266,220,2,5,5,2,2,2,1
266,220,2,5,5,1,2,1,1
266,220,2,5,1,1,1,5,2
266,220,2,5,1,2,1,5,2
266,220,2,5,1,1,1,5,2
267,220,1,5,5,1,2,1,1
267,220,1,5,5,2,2,1,1
267,220,1,5,4,1,1,1,1
267,220,1,5,1,1,1,5,2
267,220,1,5,1,2,1,5,2
268,220,2,5,5,2,2,1,1
268,220,2,5,5,1,2,1,1
268,220,2,5,1,1,1,5,2
268,220,2,5,1,1,1,5,2
268,220,2,5,1,2,1,5,2
269,30,2,5,5,2,4,2,1
269,30,2,5,5,1,2,1,1
269,30,2,5,4,1,1,1,1
269,30,2,5,4,1,1,2,1
269,30,2,5,1,2,1,5,2
270,220,2,5,5,1,4,1,1
270,220,2,5,5,2,2,1,1
270,220,2,5,4,1,1,1,1
270,220,2,5,3,1,1,1,2
270,220,2,5,2,2,1,3,2
271,220,2,5,5,1,2,1,1
271,220,2,5,4,2,1,1,1
271,220,2,5,2,2,1,1,2
271,220,2,5,1,1,1,5,2
271,220,2,5,1,1,1,5,2
272,220,1,5,5,1,2,1,1
272,220,1,5,5,2,1,1,1
272,220,1,5,3,1,1,1,1
272,220,1,5,3,1,1,1,2
272,220,1,5,2,1,1,1,2
273,220,1,5,5,1,4,1,1
273,220,1,5,4,2,2,1,1
273,220,1,5,1,2,1,5,2
273,220,1,5,1,1,1,5,2
273,220,1,5,1,1,1,5,2
274,220,2,5,5,1,4,1,1
274,220,2,5,5,2,2,1,1
274,220,2,5,3,1,1,3,1
274,220,2,5,2,2,1,1,2
274,220,2,5,1,1,1,3,2
275,30,1,5,5,2,2,1,1
275,30,1,5,5,1,2,1,1
275,30,1,5,4,1,1,1,1
275,30,1,5,1,2,1,5,2
275,30,1,5,1,1,1,5,2
276,220,2,5,5,2,2,1,1
276,220,2,5,5,1,2,1,1
276,220,2,5,3,2,1,3,1
276,220,2,5,3,2,1,1,2
276,220,2,5,3,1,1,3,1
277,220,2,5,5,2,2,2,1
277,220,2,5,5,1,2,1,1
277,220,2,5,3,2,1,1,2
277,220,2,5,2,2,1,1,2
277,220,2,5,1,1,1,5,2
278,30,1,5,5,1,4,2,1
278,30,1,5,5,2,2,1,1
278,30,1,5,3,1,1,1,1
278,30,1,5,1,1,1,5,2
278,30,1,5,1,1,1,5,2
279,220,3,5,5,1,2,1,1
279,220,3,5,5,2,1,1,1
279,220,3,5,3,2,1,1,2
279,220,3,5,3,1,1,1,1
279,220,3,5,1,1,1,5,2
280,220,3,5,5,2,2,1,1
280,220,3,5,5,1,2,1,1
280,220,3,5,2,2,1,1,2
280,220,3,5,1,1,1,5,2
280,220,3,5,1,1,1,5,2
281,220,1,5,5,1,4,1,1
281,220,1,5,5,2,2,1,1
281,220,1,5,2,2,1,1,2
281,220,1,5,1,2,1,5,2
281,220,1,5,1,2,1,5,2
282,220,0,5,5,1,4,1,1
282,220,0,5,5,2,2,1,1
282,220,0,5,4,1,1,1,1
282,220,0,5,3,2,1,3,2
282,220,0,5,2,2,1,3,2
283,30,1,5,5,1,4,1,1
283,30,1,5,4,2,2,1,1
283,30,1,5,4,1,2,1,1
283,30,1,5,4,2,1,1,1
283,30,1,5,4,2,2,2,1
284,220,2,5,5,2,2,1,1
284,220,2,5,5,1,2,1,1
284,220,2,5,3,2,1,1,2
284,220,2,5,2,2,1,3,2
284,220,2,5,1,2,1,5,2
285,220,1,5,5,2,4,2,1
285,220,1,5,5,1,2,1,1
285,220,1,5,4,1,1,1,2
285,220,1,5,3,1,1,1,1
285,220,1,5,3,2,1,3,1
286,220,1,5,5,1,2,1,1
286,220,1,5,4,2,1,1,1
286,220,1,5,1,1,1,5,2
286,220,1,5,1,1,1,5,2
286,220,1,5,1,1,1,5,2
287,220,1,5,5,1,2,1,1
287,220,1,5,5,2,2,1,1
287,220,1,5,3,1,1,1,2
287,220,1,5,2,2,1,1,2
287,220,1,5,1,2,1,5,2
288,220,3,5,5,1,2,1,1
288,220,3,5,5,2,2,1,1
288,220,3,5,3,1,1,1,2
288,220,3,5,2,2,1,1,2
288,220,3,5,1,2,1,5,2
289,220,3,5,5,1,2,1,1
289,220,3,5,5,2,1,1,1
289,220,3,5,3,2,1,1,1
289,220,3,5,1,2,1,5,2
289,220,3,5,1,1,1,5,2
290,220,2,5,5,1,4,1,1
290,220,2,5,5,2,2,1,1
290,220,2,5,3,1,1,1,1
290,220,2,5,3,1,1,3,1
290,220,2,5,3,2,1,1,2
291,220,1,5,5,1,4,1,1
291,220,1,5,5,2,2,1,1
291,220,1,5,3,2,1,1,1
291,220,1,5,1,2,1,5,2
291,220,1,5,1,2,1,5,2
292,220,1,5,5,1,2,1,1
292,220,1,5,5,2,1,1,1
292,220,1,5,3,2,1,3,2
292,220,1,5,2,1,1,1,2
292,220,1,5,1,1,1,5,2
293,220,1,5,5,1,2,1,1
293,220,1,5,5,2,1,1,1
293,220,1,5,3,2,1,1,2
293,220,1,5,3,2,1,1,1
293,220,1,5,2,1,1,3,2
294,230,1,5,5,1,4,1,1
294,230,1,5,4,1,2,1,1
294,230,1,5,4,2,1,1,2
294,230,1,5,1,2,1,5,2
294,230,1,5,1,2,1,5,2
295,220,0,5,5,2,4,2,1
295,220,0,5,5,1,2,1,1
295,220,0,5,4,2,1,1,1
295,220,0,5,3,2,1,2,1
295,220,0,5,3,2,1,1,2
296,220,3,5,5,1,4,1,1
296,220,3,5,5,2,2,1,1
296,220,3,5,4,2,1,1,1
296,220,3,5,4,1,1,1,1
296,220,3,5,4,1,1,1,1
297,220,5,5,5,1,4,1,1
297,220,5,5,4,2,2,1,1
297,220,5,5,1,1,1,5,2
297,220,5,5,1,1,1,5,2
297,220,5,5,1,1,1,5,2
298,220,2,5,5,1,4,1,1
298,220,2,5,5,2,2,1,1
298,220,2,5,3,1,1,1,1
298,220,2,5,1,1,1,5,2
298,220,2,5,1,2,1,5,2
299,220,1,5,5,1,2,1,1
299,220,1,5,5,2,2,1,1
299,220,1,5,3,1,1,1,2
299,220,1,5,2,2,1,1,2
299,220,1,5,1,2,1,5,2
300,30,2,5,5,1,2,1,1
300,30,2,5,5,2,1,1,1
300,30,2,5,4,2,1,2,1
300,30,2,5,1,1,1,3,2
300,30,2,5,1,2,1,5,2
301,220,2,5,5,2,2,1,1
301,220,2,5,5,1,2,1,1
301,220,2,5,3,2,1,3,1
301,220,2,5,3,2,1,1,2
301,220,2,5,3,1,1,3,1
302,220,2,5,5,2,2,2,1
302,220,2,5,5,1,2,1,1
302,220,2,5,3,1,1,1,1
302,220,2,5,3,2,1,2,2
302,220,2,5,3,1,1,2,1
303,220,1,5,5,1,4,1,1
303,220,1,5,4,2,2,1,1
303,220,1,5,3,1,1,1,1
303,220,1,5,3,2,1,2,2
303,220,1,5,3,1,1,2,1
304,220,1,5,5,2,4,2,1
304,220,1,5,5,1,2,1,1
304,220,1,5,3,1,1,2,2
304,220,1,5,3,2,1,1,1
304,220,1,5,2,1,1,3,2
305,30,3,5,5,1,4,1,1
305,30,3,5,5,2,2,1,1
305,30,3,5,4,1,1,2,1
305,30,3,5,4,1,1,1,1
305,30,3,5,4,1,2,1,1
306,30,1,5,5,2,2,1,1
306,30,1,5,5,1,2,1,1
306,30,1,5,4,1,1,1,1
306,30,1,5,1,2,1,5,2
306,30,1,5,1,1,1,5,2
307,230,1,5,5,1,4,1,1
307,230,1,5,4,1,2,1,1
307,230,1,5,4,2,1,1,2
307,230,1,5,1,2,1,5,2
307,230,1,5,1,2,1,5,2
308,220,1,5,5,2,2,1,1
308,220,1,5,5,1,2,1,1
308,220,1,5,3,2,1,1,2
308,220,1,5,2,1,1,3,2
308,220,1,5,1,2,1,5,2
309,220,0,5,5,2,4,2,1
309,220,0,5,5,1,2,1,1
309,220,0,5,4,2,1,1,1
309,220,0,5,3,1,1,2,2
309,220,0,5,2,1,1,3,2
310,220,2,5,5,1,4,1,1
310,220,2,5,4,2,2,1,1
310,220,2,5,1,1,1,5,2
310,220,2,5,1,2,1,5,2
310,220,2,5,1,2,1,5,2
311,220,0,5,5,1,4,1,1
311,220,0,5,5,2,2,1,1
311,220,0,5,4,1,1,1,1
311,220,0,5,3,2,1,3,2
311,220,0,5,2,2,1,3,2
312,30,1,5,5,2,2,1,1
312,30,1,5,5,1,2,1,1
312,30,1,5,4,1,1,1,1
312,30,1,5,1,2,1,5,2
312,30,1,5,1,1,1,5,2
313,30,1,5,5,1,4,1,1
313,30,1,5,4,2,2,1,1
313,30,1,5,4,1,2,1,1
313,30,1,5,4,2,1,1,1
313,30,1,5,4,2,2,2,1
314,220,0,5,5,1,4,1,1
314,220,0,5,5,2,2,1,1
314,220,0,5,1,1,1,5,2
314,220,0,5,1,2,1,5,2
314,220,0,5,1,2,1,5,2
315,220,3,5,5,2,2,1,1
315,220,3,5,5,1,2,1,1
315,220,3,5,2,2,1,3,2
315,220,3,5,1,1,1,5,2
315,220,3,5,1,1,1,5,2
316,30,2,5,5,2,4,2,1
316,30,2,5,5,1,2,1,1
316,30,2,5,4,1,1,1,1
316,30,2,5,4,1,1,2,1
316,30,2,5,1,2,1,5,2
317,220,2,5,5,2,2,2,1
317,220,2,5,5,1,2,1,1
317,220,2,5,3,1,1,1,1
317,220,2,5,3,2,1,2,2
317,220,2,5,3,1,1,2,1
318,220,2,5,5,1,2,1,1
318,220,2,5,5,2,1,1,1
318,220,2,5,5,2,2,1,1
318,220,2,5,4,1,1,2,1
318,220,2,5,3,1,1,1,2
319,220,1,5,5,1,4,1,1
319,220,1,5,5,2,2,1,1
319,220,1,5,3,2,1,1,1
319,220,1,5,1,2,1,5,2
319,220,1,5,1,2,1,5,2
320,220,3,5,5,2,4,1,1
320,220,3,5,5,1,2,1,1
320,220,3,5,4,2,1,1,1
320,220,3,5,3,1,1,1,1
320,220,3,5,2,2,1,3,2
321,220,0,5,5,1,2,1,1
321,220,0,5,4,2,1,1,1
321,220,0,5,4,2,1,1,1
321,220,0,5,3,2,1,3,1
321,220,0,5,2,2,1,3,2
322,220,1,5,5,1,4,1,1
322,220,1,5,5,2,2,1,1
322,220,1,5,3,2,1,1,2
322,220,1,5,3,1,1,3,1
322,220,1,5,2,2,1,3,2
323,220,1,5,5,1,4,1,1
323,220,1,5,5,2,2,1,1
323,220,1,5,2,2,1,1,2
323,220,1,5,1,2,1,5,2
323,220,1,5,1,2,1,5,2
324,220,2,5,5,1,2,1,1
324,220,2,5,5,2,2,1,1
324,220,2,5,3,1,1,3,2
324,220,2,5,3,1,1,1,1
324,220,2,5,1,2,1,5,2
325,220,1,5,5,1,4,1,1
325,220,1,5,5,2,2,1,1
325,220,1,5,4,1,1,2,2
325,220,1,5,3,2,1,1,1
325,220,1,5,3,1,1,1,2
326,220,2,5,5,1,4,1,1
326,220,2,5,4,2,2,1,1
326,220,2,5,1,2,1,5,2
326,220,2,5,1,1,1,5,2
326,220,2,5,1,1,1,5,2
327,220,2,5,5,1,4,1,1
327,220,2,5,4,2,2,1,1
327,220,2,5,1,1,1,5,2
327,220,2,5,1,2,1,5,2
327,220,2,5,1,1,1,5,2
328,220,1,5,5,1,2,1,1
328,220,1,5,5,2,1,1,1
328,220,1,5,1,2,1,5,2
328,220,1,5,1,2,1,5,2
328,220,1,5,1,1,1,5,2
329,220,5,5,5,1,4,1,1
329,220,5,5,4,2,2,1,1
329,220,5,5,1,1,1,5,2
329,220,5,5,1,1,1,5,2
329,220,5,5,1,1,1,5,2
330,220,1,5,5,1,4,1,1
330,220,1,5,4,2,2,1,1
330,220,1,5,1,1,1,5,2
330,220,1,5,1,1,1,5,2
330,220,1,5,1,1,1,5,2
331,220,1,5,5,1,2,1,1
331,220,1,5,4,2,1,1,1
331,220,1,5,1,2,1,5,2
331,220,1,5,1,2,1,5,2
331,220,1,5,1,1,1,5,2
332,220,2,5,5,1,4,1,1
332,220,2,5,4,2,2,1,1
332,220,2,5,1,1,1,5,2
332,220,2,5,1,2,1,5,2
332,220,2,5,1,2,1,5,2
333,220,1,5,5,2,4,2,1
333,220,1,5,5,1,2,1,1
333,220,1,5,4,1,1,1,2
333,220,1,5,3,1,1,1,2
333,220,1,5,3,1,1,1,2
334,220,2,5,5,1,4,1,1
334,220,2,5,4,2,2,1,1
334,220,2,5,2,2,1,1,2
334,220,2,5,2,1,1,1,2
334,220,2,5,1,1,1,5,2
335,230,2,5,5,1,4,1,1
335,230,2,5,4,1,2,1,1
335,230,2,5,3,1,1,3,1
335,230,2,5,2,2,1,1,2
335,230,2,5,1,2,1,5,2
336,220,2,5,5,1,2,1,1
336,220,2,5,5,2,2,1,1
336,220,2,5,3,2,1,1,2
336,220,2,5,2,2,1,1,2
336,220,2,5,1,2,1,5,2
337,220,0,5,5,1,2,1,1
337,220,0,5,4,2,1,1,1
337,220,0,5,2,1,1,1,2
337,220,0,5,1,1,1,5,2
337,220,0,5,1,2,1,5,2
338,230,3,5,5,1,4,1,1
338,230,3,5,4,2,2,1,1
338,230,3,5,4,2,1,2,1
338,230,3,5,3,1,1,3,2
338,230,3,5,2,1,1,3,2
339,220,2,5,5,1,4,2,1
339,220,2,5,5,2,2,1,1
339,220,2,5,3,1,1,1,2
339,220,2,5,2,1,1,1,2
339,220,2,5,1,2,1,5,2
340,30,2,5,5,2,2,1,1
340,30,2,5,5,1,2,1,1
340,30,2,5,4,1,1,1,1
340,30,2,5,3,2,1,1,2
340,30,2,5,3,2,2,1,2
341,220,5,5,5,1,4,1,1
341,220,5,5,4,2,2,1,1
341,220,5,5,1,2,1,5,2
341,220,5,5,1,1,1,5,2
341,220,5,5,1,1,1,5,2
342,230,1,5,5,1,4,1,1
342,230,1,5,4,2,2,1,1
342,230,1,5,3,1,1,1,2
342,230,1,5,2,1,1,3,2
342,230,1,5,1,2,1,5,2
343,220,1,5,5,1,4,1,1
343,220,1,5,5,2,2,1,1
343,220,1,5,3,2,1,1,2
343,220,1,5,3,1,1,3,1
343,220,1,5,2,2,1,3,2
344,220,1,5,5,1,4,1,1
344,220,1,5,4,2,2,1,1
344,220,1,5,3,1,1,1,1
344,220,1,5,3,2,1,2,2
344,220,1,5,3,1,1,2,1
345,220,0,5,5,2,4,2,1
345,220,0,5,5,1,2,1,1
345,220,0,5,3,2,1,1,2
345,220,0,5,1,2,1,5,2
345,220,0,5,1,1,1,5,2
346,220,3,5,5,1,4,1,1
346,220,3,5,5,2,2,1,1
346,220,3,5,3,1,1,1,1
346,220,3,5,2,1,1,1,2
346,220,3,5,1,1,1,5,2
347,220,1,5,5,1,4,1,1
347,220,1,5,5,2,2,1,1
347,220,1,5,3,1,1,1,1
347,220,1,5,3,1,1,1,2
347,220,1,5,3,1,1,1,1
348,220,3,5,5,1,2,1,1
348,220,3,5,5,2,1,1,1
348,220,3,5,3,1,1,1,2
348,220,3,5,2,2,1,3,2
348,220,3,5,1,1,1,5,2
349,220,1,5,5,1,4,1,1
349,220,1,5,4,2,2,1,1
349,220,1,5,1,1,1,5,2
349,220,1,5,1,2,1,3,2
349,220,1,5,1,2,1,5,2
350,30,1,5,5,1,4,1,1
350,30,1,5,4,2,2,1,1
350,30,1,5,1,1,1,3,2
350,30,1,5,4,2,1,1,1
350,30,1,5,4,2,2,2,1
351,220,3,5,5,2,4,1,1
351,220,3,5,5,1,2,1,1
351,220,3,5,4,1,1,2,1
351,220,3,5,3,2,1,1,2
351,220,3,5,2,1,1,3,2
352,230,2,5,5,1,4,1,1
352,230,2,5,4,1,2,1,1
352,230,2,5,3,1,1,3,1
352,230,2,5,2,2,1,1,2
352,230,2,5,1,2,1,5,2
353,230,2,5,5,1,4,1,1
353,230,2,5,4,1,2,1,1
353,230,2,5,3,2,1,1,2
353,230,2,5,3,1,1,1,1
353,230,2,5,2,2,1,1,2
354,220,1,5,5,1,2,1,1
354,220,1,5,5,2,1,1,1
354,220,1,5,3,2,1,1,2
354,220,1,5,3,2,1,1,1
354,220,1,5,2,1,1,3,2
355,220,0,5,5,2,4,2,1
355,220,0,5,5,1,2,1,1
355,220,0,5,3,2,1,1,2
355,220,0,5,3,1,1,1,2
355,220,0,5,3,2,1,1,2
356,220,1,5,5,1,4,1,1
356,220,1,5,4,2,2,1,1
356,220,1,5,2,1,1,1,2
356,220,1,5,1,1,1,5,2
356,220,1,5,1,2,1,5,2
357,220,1,5,5,2,4,2,1
357,220,1,5,5,1,2,1,1
357,220,1,5,3,1,1,2,2
357,220,1,5,3,2,1,1,1
357,220,1,5,2,1,1,3,2
358,220,2,5,5,1,4,1,1
358,220,2,5,4,2,2,1,1
358,220,2,5,1,2,1,5,2
358,220,2,5,1,2,1,5,2
358,220,2,5,1,2,1,5,2
359,220,1,5,5,1,2,1,1
359,220,1,5,5,2,1,1,1
359,220,1,5,4,1,1,2,1
359,220,1,5,3,1,1,1,1
359,220,1,5,3,2,1,1,1
360,230,1,5,5,1,4,1,1
360,230,1,5,4,2,2,1,1
360,230,1,5,3,1,1,1,2
360,230,1,5,2,1,1,3,2
360,230,1,5,1,2,1,5,2
361,220,1,5,5,1,2,1,1
361,220,1,5,5,2,1,1,1
361,220,1,5,3,2,1,3,2
361,220,1,5,2,1,1,1,2
361,220,1,5,1,1,1,5,2
362,220,1,5,5,1,2,1,1
362,220,1,5,5,2,1,1,1
362,220,1,5,4,1,1,2,1
362,220,1,5,3,1,1,1,1
362,220,1,5,3,2,1,1,1
363,220,1,5,5,1,4,1,1
363,220,1,5,5,2,2,1,1
363,220,1,5,3,1,1,1,2
363,220,1,5,3,2,1,1,2
363,220,1,5,3,1,1,2,1
364,30,1,5,5,1,4,2,1
364,30,1,5,5,2,2,1,1
364,30,1,5,3,1,1,1,1
364,30,1,5,1,1,1,5,2
364,30,1,5,1,1,1,5,2
365,220,1,5,5,1,2,1,1
365,220,1,5,5,2,1,1,1
365,220,1,5,3,1,1,3,1
365,220,1,5,3,2,1,1,1
365,220,1,5,3,2,1,1,1
366,220,1,5,5,1,2,1,1
366,220,1,5,5,2,1,1,1
366,220,1,5,2,1,1,3,2
366,220,1,5,1,2,1,5,2
366,220,1,5,1,2,1,5,2
367,220,2,5,5,1,4,1,1
367,220,2,5,4,2,2,1,1
367,220,2,5,1,2,1,5,2
367,220,2,5,1,1,1,5,2
367,220,2,5,1,1,1,5,2
368,220,2,5,5,2,2,2,1
368,220,2,5,5,1,2,1,1
368,220,2,5,3,2,1,1,2
368,220,2,5,3,2,1,2,1
368,220,2,5,2,1,1,1,2
369,220,2,5,5,1,4,1,1
369,220,2,5,4,2,2,1,1
369,220,2,5,2,1,1,1,2
369,220,2,5,1,1,1,5,2
369,220,2,5,1,1,1,5,2
370,220,1,5,5,2,2,1,1
370,220,1,5,5,1,2,1,1
370,220,1,5,1,1,1,5,2
370,220,1,5,1,1,1,5,2
370,220,1,5,1,2,1,5,2
371,220,1,5,5,1,2,1,1
371,220,1,5,4,2,1,1,1
371,220,1,5,1,2,1,5,2
371,220,1,5,1,2,1,5,2
371,220,1,5,1,1,1,5,2
372,30,2,5,5,2,4,2,1
372,30,2,5,5,1,2,1,1
372,30,2,5,4,1,1,1,1
372,30,2,5,4,1,1,2,1
372,30,2,5,1,2,1,5,2
373,220,2,5,5,2,4,2,1
373,220,2,5,5,1,2,1,1
373,220,2,5,3,2,1,1,2
373,220,2,5,3,1,1,1,2
373,220,2,5,3,1,1,1,1
374,30,2,5,5,1,2,1,1
374,30,2,5,5,2,1,1,1
374,30,2,5,4,1,1,1,1
374,30,2,5,4,1,2,1,1
374,30,2,5,1,2,1,5,2
375,220,3,5,5,1,4,1,1
375,220,3,5,5,2,2,1,1
375,220,3,5,3,1,1,1,1
375,220,3,5,2,1,1,1,2
375,220,3,5,1,1,1,5,2
376,230,2,5,5,1,4,1,1
376,230,2,5,4,2,2,1,1
376,230,2,5,3,1,1,1,1
376,230,2,5,2,2,1,1,2
376,230,2,5,1,1,1,5,2
377,220,1,5,5,1,4,1,1
377,220,1,5,5,2,2,1,1
377,220,1,5,4,1,1,1,1
377,220,1,5,3,2,1,3,1
377,220,1,5,1,1,1,5,2
378,220,2,5,5,1,4,1,1
378,220,2,5,5,2,2,1,1
378,220,2,5,3,1,1,1,2
378,220,2,5,3,1,1,1,1
378,220,2,5,2,1,1,3,2
379,30,3,5,5,1,4,1,1
379,30,3,5,5,2,2,1,1
379,30,3,5,4,1,1,2,1
379,30,3,5,4,1,1,1,1
379,30,3,5,4,1,2,1,1
380,220,1,5,5,2,4,2,1
380,220,1,5,5,1,2,1,1
380,220,1,5,3,2,2,1,1
380,220,1,5,1,2,1,5,2
380,220,1,5,1,2,1,5,2
381,220,1,5,5,1,4,1,1
381,220,1,5,4,2,2,1,1
381,220,1,5,4,1,1,1,1
381,220,1,5,3,2,1,3,2
381,220,1,5,1,2,1,5,2
382,220,1,5,5,1,4,1,1
382,220,1,5,5,2,2,1,1
382,220,1,5,3,1,1,1,1
382,220,1,5,3,1,1,1,2
382,220,1,5,3,1,1,1,1
383,30,2,5,5,2,4,2,1
383,30,2,5,5,1,2,1,1
383,30,2,5,4,1,1,1,1
383,30,2,5,4,1,1,2,1
383,30,2,5,1,2,1,5,2
384,220,2,5,5,2,4,2,1
384,220,2,5,5,1,2,1,1
384,220,2,5,4,2,1,1,1
384,220,2,5,2,1,1,3,2
384,220,2,5,2,1,1,1,2
385,220,1,5,5,2,4,2,1
385,220,1,5,5,1,2,1,1
385,220,1,5,4,1,1,1,2
385,220,1,5,3,1,1,1,1
385,220,1,5,3,2,1,3,1
386,220,5,5,5,1,4,1,1
386,220,5,5,5,2,2,1,1
386,220,5,5,1,2,1,5,2
386,220,5,5,1,1,1,5,2
386,220,5,5,1,1,1,5,2
387,220,1,5,5,1,2,1,1
387,220,1,5,4,2,1,1,1
387,220,1,5,1,2,1,5,2
387,220,1,5,1,1,1,5,2
387,220,1,5,1,2,1,5,2
388,220,2,5,5,1,4,1,1
388,220,2,5,5,2,2,1,1
388,220,2,5,4,2,1,2,1
388,220,2,5,4,2,1,1,2
388,220,2,5,4,1,1,1,1
389,220,1,5,5,2,4,2,1
389,220,1,5,5,1,2,1,1
389,220,1,5,4,1,1,1,2
389,220,1,5,3,1,1,1,2
389,220,1,5,3,1,1,1,2
390,220,2,5,5,1,4,1,1
390,220,2,5,5,2,2,1,1
390,220,2,5,4,2,1,2,1
390,220,2,5,4,2,1,1,2
390,220,2,5,4,1,1,1,1
391,30,2,5,5,2,4,2,1
391,30,2,5,5,1,2,1,1
391,30,2,5,4,1,1,1,1
391,30,2,5,4,1,1,2,1
391,30,2,5,1,2,1,5,2
392,220,3,5,5,1,2,1,1
392,220,3,5,5,2,1,1,1
392,220,3,5,4,1,1,1,1
392,220,3,5,3,1,1,1,1
392,220,3,5,3,2,1,1,2
393,220,3,5,5,1,4,1,1
393,220,3,5,4,2,2,1,1
393,220,3,5,3,1,1,1,2
393,220,3,5,3,1,1,1,1
393,220,3,5,2,1,1,3,2
394,220,1,5,5,1,4,1,1
394,220,1,5,4,2,2,1,1
394,220,1,5,2,1,1,1,2
394,220,1,5,1,1,1,5,2
394,220,1,5,1,2,1,5,2
395,220,2,5,5,1,2,1,1
395,220,2,5,5,2,1,1,1
395,220,2,5,4,1,1,1,1
395,220,2,5,4,1,1,1,2
395,220,2,5,4,1,1,1,1
396,220,3,5,5,1,4,1,1
396,220,3,5,5,2,2,1,1
396,220,3,5,3,1,1,1,1
396,220,3,5,2,1,1,1,2
396,220,3,5,1,1,1,5,2
397,220,1,5,5,1,4,1,1
397,220,1,5,5,2,2,1,1
397,220,1,5,4,1,1,1,1
397,220,1,5,3,2,1,3,1
397,220,1,5,1,1,1,5,2
398,220,1,5,5,1,2,1,1
398,220,1,5,5,2,1,1,1
398,220,1,5,3,1,1,1,2
398,220,1,5,2,1,1,1,2
398,220,1,5,1,2,1,5,2
399,220,2,5,5,1,4,1,1
399,220,2,5,4,2,2,1,1
399,220,2,5,1,1,1,5,2
399,220,2,5,1,2,1,5,2
399,220,2,5,1,1,1,5,2
400,220,1,5,5,1,4,1,1
400,220,1,5,4,2,2,1,1
400,220,1,5,1,1,1,5,2
400,220,1,5,1,2,1,5,2
400,220,1,5,1,1,1,5,2
401,220,2,5,5,1,4,1,1
401,220,2,5,4,2,2,1,1
401,220,2,5,1,2,1,5,2
401,220,2,5,1,2,1,5,2
401,220,2,5,1,2,1,5,2
402,220,2,5,5,1,4,2,1
402,220,2,5,5,2,2,1,1
402,220,2,5,3,1,1,1,2
402,220,2,5,2,1,1,1,2
402,220,2,5,1,2,1,5,2
403,220,2,5,5,1,4,1,1
403,220,2,5,4,2,2,1,1
403,220,2,5,2,2,1,1,2
403,220,2,5,2,1,1,1,2
403,220,2,5,1,1,1,5,2
404,220,2,5,5,1,4,1,1
404,220,2,5,5,2,2,1,1
404,220,2,5,4,2,1,5,2
404,220,2,5,1,2,1,5,2
404,220,2,5,1,1,1,5,2
405,220,1,5,5,2,4,2,1
405,220,1,5,5,1,2,1,1
405,220,1,5,1,1,1,5,2
405,220,1,5,1,1,1,5,2
405,220,1,5,1,1,1,5,2
406,30,2,5,5,1,2,1,1
406,30,2,5,5,2,1,1,1
406,30,2,5,4,2,1,2,1
406,30,2,5,1,1,1,3,2
406,30,2,5,1,2,1,5,2
407,220,2,5,5,2,2,1,1
407,220,2,5,5,1,2,1,1
407,220,2,5,3,2,1,2,1
407,220,2,5,4,1,1,5,2
407,220,2,5,1,1,1,5,2
408,220,2,5,5,2,4,2,1
408,220,2,5,5,1,2,1,1
408,220,2,5,4,2,1,1,1
408,220,2,5,2,1,1,3,2
408,220,2,5,2,1,1,1,2
409,220,1,5,5,1,4,1,1
409,220,1,5,4,2,2,1,1
409,220,1,5,1,2,1,5,2
409,220,1,5,1,1,1,5,2
409,220,1,5,1,1,1,5,2
410,220,3,5,5,2,4,1,1
410,220,3,5,5,1,2,1,1
410,220,3,5,4,1,1,2,1
410,220,3,5,3,2,1,1,2
410,220,3,5,2,1,1,3,2
411,30,1,5,5,1,4,1,1
411,30,1,5,4,2,2,1,1
411,30,1,5,1,1,1,3,2
411,30,1,5,4,2,1,1,1
411,30,1,5,4,2,2,2,1
412,220,1,5,5,1,2,1,1
412,220,1,5,5,2,1,1,1
412,220,1,5,3,1,1,3,1
412,220,1,5,3,2,1,1,1
412,220,1,5,3,2,1,1,1
413,230,2,5,5,1,4,1,1
413,230,2,5,4,1,2,1,1
413,230,2,5,3,2,1,1,2
413,230,2,5,3,1,1,1,1
413,230,2,5,2,2,1,1,2
414,220,1,5,5,1,4,1,1
414,220,1,5,4,2,2,1,1
414,220,1,5,1,2,1,5,2
414,220,1,5,1,1,1,5,2
414,220,1,5,1,1,1,5,2
415,220,5,5,5,1,4,1,1
415,220,5,5,5,2,2,1,1
415,220,5,5,1,2,1,5,2
415,220,5,5,1,1,1,5,2
415,220,5,5,1,1,1,5,2
416,220,2,5,5,1,4,1,1
416,220,2,5,4,2,2,1,1
416,220,2,5,1,1,1,5,2
416,220,2,5,1,2,1,5,2
416,220,2,5,1,2,1,5,2
417,230,3,5,5,1,4,1,1
417,230,3,5,4,2,2,1,1
417,230,3,5,4,2,1,2,1
417,230,3,5,3,1,1,3,2
417,230,3,5,2,1,1,3,2
418,220,2,5,5,1,4,1,1
418,220,2,5,4,2,2,1,1
418,220,2,5,2,2,1,1,2
418,220,2,5,2,1,1,1,2
418,220,2,5,1,1,1,5,2
419,220,1,5,5,2,4,2,1
419,220,1,5,5,1,2,1,1
419,220,1,5,4,1,1,1,2
419,220,1,5,3,1,1,1,2
419,220,1,5,3,1,1,1,2
420,220,1,5,5,2,2,1,1
420,220,1,5,5,1,2,1,1
420,220,1,5,3,2,1,1,2
420,220,1,5,2,1,1,3,2
420,220,1,5,1,2,1,5,2
421,220,2,5,5,1,4,2,1
421,220,2,5,5,2,2,1,1
421,220,2,5,3,1,1,1,2
421,220,2,5,2,1,1,1,2
421,220,2,5,1,2,1,5,2
422,220,2,5,5,1,4,1,1
422,220,2,5,5,2,2,1,1
422,220,2,5,2,2,1,1,2
422,220,2,5,1,1,1,5,2
422,220,2,5,1,1,1,5,2
423,220,3,5,5,2,4,1,1
423,220,3,5,5,1,2,1,1
423,220,3,5,4,1,1,2,1
423,220,3,5,3,2,1,1,2
423,220,3,5,2,1,1,3,2
424,220,1,5,5,1,4,1,1
424,220,1,5,5,2,2,1,1
424,220,1,5,4,2,1,1,2
424,220,1,5,3,1,1,1,2
424,220,1,5,3,1,1,5,1
425,220,1,5,5,2,4,2,1
425,220,1,5,5,1,2,1,1
425,220,1,5,1,1,1,5,2
425,220,1,5,1,1,1,5,2
425,220,1,5,1,1,1,5,2
426,230,2,5,5,1,4,1,1
426,230,2,5,4,1,2,1,1
426,230,2,5,3,1,1,3,1
426,230,2,5,2,2,1,1,2
426,230,2,5,1,2,1,5,2
427,220,2,5,5,1,4,1,1
427,220,2,5,4,2,2,1,1
427,220,2,5,3,1,1,2,2
427,220,2,5,2,1,1,1,2
427,220,2,5,1,2,1,5,2
428,220,1,5,5,1,4,1,1
428,220,1,5,5,2,2,1,1
428,220,1,5,2,1,1,3,2
428,220,1,5,1,2,1,5,2
428,220,1,5,1,1,1,5,2
429,220,1,5,5,1,2,1,1
429,220,1,5,5,2,2,1,1
429,220,1,5,4,1,1,1,1
429,220,1,5,1,1,1,5,2
429,220,1,5,1,2,1,5,2
430,220,2,5,5,1,2,1,1
430,220,2,5,5,2,2,1,1
430,220,2,5,3,2,1,1,2
430,220,2,5,2,2,1,1,2
430,220,2,5,1,2,1,5,2
431,220,1,5,5,1,4,1,1
431,220,1,5,5,2,2,1,1
431,220,1,5,3,2,1,1,2
431,220,1,5,3,1,1,3,1
431,220,1,5,2,2,1,3,2
432,220,1,5,5,1,4,1,1
432,220,1,5,5,2,2,1,1
432,220,1,5,2,2,1,1,2
432,220,1,5,1,2,1,5,2
432,220,1,5,1,2,1,5,2
433,220,1,5,5,1,4,2,1
433,220,1,5,5,2,2,1,1
433,220,1,5,3,2,1,1,1
433,220,1,5,2,2,1,3,2
433,220,1,5,1,1,1,5,2
434,220,1,5,5,1,4,1,1
434,220,1,5,4,2,2,1,1
434,220,1,5,3,1,1,1,2
434,220,1,5,3,1,1,3,1
434,220,1,5,2,1,1,1,2
435,220,1,5,5,1,2,1,1
435,220,1,5,5,2,1,1,1
435,220,1,5,3,1,1,3,1
435,220,1,5,3,2,1,1,1
435,220,1,5,3,2,1,1,1
436,220,1,5,5,1,4,1,1
436,220,1,5,4,2,2,1,1
436,220,1,5,1,2,1,5,2
436,220,1,5,1,1,1,5,2
436,220,1,5,1,1,1,5,2
437,220,2,5,5,1,4,1,1
437,220,2,5,4,2,2,1,1
437,220,2,5,1,1,1,5,2
437,220,2,5,1,2,1,5,2
437,220,2,5,1,1,1,5,2
438,220,2,5,5,2,2,1,1
438,220,2,5,5,1,2,1,1
438,220,2,5,2,1,1,1,2
438,220,2,5,1,1,1,5,2
438,220,2,5,1,2,1,5,2
439,220,1,5,5,1,2,1,1
439,220,1,5,5,2,1,1,1
439,220,1,5,3,2,1,1,1
439,220,1,5,1,1,1,5,2
439,220,1,5,1,1,1,5,2
440,220,2,5,5,1,4,1,1
440,220,2,5,4,2,2,1,1
440,220,2,5,1,1,1,5,2
440,220,2,5,1,2,1,5,2
440,220,2,5,1,1,1,5,2
441,220,1,5,5,1,4,1,1
441,220,1,5,5,2,2,1,1
441,220,1,5,2,1,1,3,2
441,220,1,5,1,2,1,5,2
441,220,1,5,1,1,1,5,2
442,220,2,5,5,2,2,1,1
442,220,2,5,5,1,2,1,1
442,220,2,5,3,2,1,3,1
442,220,2,5,3,2,1,1,2
442,220,2,5,3,1,1,3,1
443,220,2,5,5,1,4,1,1
443,220,2,5,5,2,2,1,1
443,220,2,5,1,2,1,5,2
443,220,2,5,1,1,1,5,2
443,220,2,5,1,1,1,5,2
444,220,3,5,5,1,4,1,1
444,220,3,5,5,2,2,1,1
444,220,3,5,4,2,1,1,1
444,220,3,5,4,1,1,1,1
444,220,3,5,4,1,1,1,1
445,220,1,5,5,2,4,2,1
445,220,1,5,5,1,2,1,1
445,220,1,5,1,1,1,5,2
445,220,1,5,1,2,1,5,2
445,220,1,5,1,1,1,5,2
446,230,2,5,5,1,4,1,1
446,230,2,5,4,1,2,1,1
446,230,2,5,3,2,1,1,2
446,230,2,5,3,1,1,1,1
446,230,2,5,2,2,1,1,2
447,220,3,5,5,1,4,1,1
447,220,3,5,4,2,2,1,1
447,220,3,5,3,1,1,1,2
447,220,3,5,3,1,1,1,1
447,220,3,5,2,1,1,3,2
448,220,2,5,5,1,4,1,1
448,220,2,5,4,2,2,1,1
448,220,2,5,3,1,1,1,1
448,220,2,5,3,1,1,2,2
448,220,2,5,3,2,1,1,2
449,220,1,5,5,2,2,1,1
449,220,1,5,5,1,2,1,1
449,220,1,5,3,2,1,1,2
449,220,1,5,2,1,1,3,2
449,220,1,5,1,2,1,5,2
450,220,2,5,5,1,4,1,1
450,220,2,5,4,2,2,1,1
450,220,2,5,3,1,1,2,2
450,220,2,5,2,1,1,1,2
450,220,2,5,1,2,1,5,2
451,220,1,5,5,1,4,1,1
451,220,1,5,5,2,2,1,1
451,220,1,5,4,2,1,1,1
451,220,1,5,1,1,1,5,2
451,220,1,5,1,1,1,5,2
452,220,1,5,5,1,4,1,1
452,220,1,5,5,2,2,1,1
452,220,1,5,3,2,1,1,2
452,220,1,5,2,2,1,3,2
452,220,1,5,2,1,1,1,2
453,220,1,5,5,1,2,1,1
453,220,1,5,5,2,1,1,1
453,220,1,5,2,1,1,3,2
453,220,1,5,1,2,1,5,2
453,220,1,5,1,2,1,5,2
454,220,1,5,5,1,2,1,1
454,220,1,5,4,2,1,1,1
454,220,1,5,1,1,1,5,2
454,220,1,5,1,1,1,5,2
454,220,1,5,1,1,1,5,2
455,220,2,5,5,2,2,2,1
455,220,2,5,5,1,2,1,1
455,220,2,5,3,2,1,1,1
455,220,2,5,2,1,1,3,2
455,220,2,5,1,1,1,5,2
456,220,1,5,5,1,4,1,1
456,220,1,5,4,2,2,1,1
456,220,1,5,1,2,1,5,2
456,220,1,5,1,1,1,5,2
456,220,1,5,1,1,1,5,2
457,230,1,5,5,1,4,1,1
457,230,1,5,4,2,2,1,1
457,230,1,5,3,1,1,1,1
457,230,1,5,3,2,1,2,1
457,230,1,5,3,2,1,1,1
458,220,2,5,5,1,4,1,1
458,220,2,5,5,2,2,1,1
458,220,2,5,3,1,1,1,1
458,220,2,5,1,1,1,5,2
458,220,2,5,1,2,1,5,2
459,220,1,5,5,1,2,1,1
459,220,1,5,4,2,1,1,1
459,220,1,5,3,2,1,1,1
459,220,1,5,3,1,1,1,1
459,220,1,5,2,1,1,3,2
460,220,1,5,5,1,4,1,1
460,220,1,5,4,2,2,1,1
460,220,1,5,3,2,1,1,2
460,220,1,5,2,1,1,3,2
460,220,1,5,1,1,1,5,2
461,220,1,5,5,2,2,1,1
461,220,1,5,5,1,2,1,1
461,220,1,5,3,2,1,1,2
461,220,1,5,3,2,1,1,1
461,220,1,5,1,1,1,5,2
462,220,5,5,5,1,4,1,1
462,220,5,5,4,2,2,1,1
462,220,5,5,1,1,1,5,2
462,220,5,5,1,1,1,5,2
462,220,5,5,1,1,1,5,2
463,230,1,5,5,1,4,1,1
463,230,1,5,4,1,2,1,1
463,230,1,5,4,2,1,1,2
463,230,1,5,1,2,1,5,2
463,230,1,5,1,2,1,5,2
464,230,1,5,5,1,4,1,1
464,230,1,5,4,2,2,1,1
464,230,1,5,3,1,1,1,1
464,230,1,5,3,2,1,2,1
464,230,1,5,3,2,1,1,1
465,220,1,5,5,2,2,1,1
465,220,1,5,5,1,2,1,1
465,220,1,5,2,2,1,1,2
465,220,1,5,2,2,1,3,2
465,220,1,5,1,1,1,5,2
466,220,1,5,5,1,4,2,1
466,220,1,5,5,2,2,1,1
466,220,1,5,3,2,1,1,1
466,220,1,5,2,2,1,3,2
466,220,1,5,1,1,1,5,2
467,220,0,5,5,1,2,1,1
467,220,0,5,4,2,1,1,1
467,220,0,5,2,1,1,1,2
467,220,0,5,1,1,1,5,2
467,220,0,5,1,2,1,5,2
468,30,0,5,5,1,4,1,1
468,30,0,5,5,2,2,1,1
468,30,0,5,5,1,2,1,2
468,30,0,5,4,1,1,1,1
468,30,0,5,4,2,1,2,1
469,220,2,5,5,2,2,1,1
469,220,2,5,5,1,2,1,1
469,220,2,5,3,2,1,1,2
469,220,2,5,3,2,1,3,2
469,220,2,5,2,2,1,1,2
470,220,5,5,5,1,4,1,1
470,220,5,5,5,2,2,1,1
470,220,5,5,1,2,1,5,2
470,220,5,5,1,1,1,5,2
470,220,5,5,1,1,1,5,2
471,220,2,5,5,2,2,1,1
471,220,2,5,5,1,2,1,1
471,220,2,5,3,2,1,2,1
471,220,2,5,4,1,1,5,2
471,220,2,5,1,1,1,5,2
472,220,1,5,5,2,4,2,1
472,220,1,5,5,1,2,1,1
472,220,1,5,3,1,1,2,2
472,220,1,5,3,2,1,1,1
472,220,1,5,2,1,1,3,2
473,220,1,5,5,1,4,1,1
473,220,1,5,4,2,2,1,1
473,220,1,5,1,2,1,5,2
473,220,1,5,1,1,1,5,2
473,220,1,5,1,1,1,5,2
474,220,2,5,5,2,4,2,1
474,220,2,5,5,1,2,1,1
474,220,2,5,4,1,1,2,1
474,220,2,5,3,2,1,1,2
474,220,2,5,2,2,1,3,2
475,220,2,5,5,1,2,1,1
475,220,2,5,4,2,1,1,1
475,220,2,5,1,2,1,5,2
475,220,2,5,1,1,1,5,2
475,220,2,5,1,1,1,5,2
476,220,2,5,5,1,4,1,1
476,220,2,5,5,2,2,1,1
476,220,2,5,3,2,1,1,2
476,220,2,5,2,2,1,3,2
476,220,2,5,2,1,1,1,2
477,230,2,5,5,2,4,2,1
477,230,2,5,5,1,2,1,1
477,230,2,5,2,2,1,3,2
477,230,2,5,1,2,1,5,2
477,230,2,5,1,1,1,5,2
478,220,5,5,5,1,4,1,1
478,220,5,5,4,2,2,1,1
478,220,5,5,1,1,1,5,2
478,220,5,5,1,1,1,5,2
478,220,5,5,1,1,1,5,2
479,220,1,5,5,1,4,1,1
479,220,1,5,5,2,2,1,1
479,220,1,5,3,2,1,1,1
479,220,1,5,2,1,1,3,2
479,220,1,5,1,1,1,5,2
480,220,1,5,5,1,4,1,1
480,220,1,5,4,2,2,1,1
480,220,1,5,4,1,1,1,1
480,220,1,5,3,2,1,3,2
480,220,1,5,1,2,1,5,2
481,220,1,5,5,1,2,1,1
481,220,1,5,5,2,1,1,1
481,220,1,5,3,1,1,3,1
481,220,1,5,3,2,1,1,1
481,220,1,5,3,2,1,1,1
482,220,0,5,5,2,4,2,1
482,220,0,5,5,1,2,1,1
482,220,0,5,4,2,1,2,1
482,220,0,5,3,1,1,3,1
482,220,0,5,2,2,1,1,2
483,220,1,5,5,1,4,1,1
483,220,1,5,4,2,2,1,1
483,220,1,5,1,2,1,5,2
483,220,1,5,1,1,1,5,2
483,220,1,5,1,1,1,5,2
484,220,0,5,5,2,4,2,1
484,220,0,5,5,1,2,1,1
484,220,0,5,4,2,1,1,1
484,220,0,5,3,1,1,2,2
484,220,0,5,2,1,1,3,2
485,220,1,5,5,1,4,1,1
485,220,1,5,4,2,2,1,1
485,220,1,5,1,1,1,5,2
485,220,1,5,1,2,1,3,2
485,220,1,5,1,2,1,5,2
486,220,1,5,5,1,4,1,1
486,220,1,5,4,2,2,1,1
486,220,1,5,3,1,1,1,2
486,220,1,5,3,1,1,3,1
486,220,1,5,2,1,1,1,2
487,220,1,5,5,1,4,1,1
487,220,1,5,4,2,2,1,1
487,220,1,5,3,2,1,1,2
487,220,1,5,2,1,1,3,2
487,220,1,5,1,1,1,5,2
488,30,3,5,5,1,4,1,1
488,30,3,5,5,2,2,1,1
488,30,3,5,1,1,1,5,2
488,30,3,5,1,2,1,5,2
488,30,3,5,1,2,1,5,2
489,220,1,5,5,1,4,1,1
489,220,1,5,4,2,2,1,1
489,220,1,5,4,2,1,1,2
489,220,1,5,2,2,1,1,2
489,220,1,5,1,2,1,5,2
490,220,2,5,5,1,2,1,1
490,220,2,5,4,2,1,1,1
490,220,2,5,2,2,1,1,2
490,220,2,5,1,1,1,5,2
490,220,2,5,1,1,1,5,2
491,230,2,5,5,1,4,1,1
491,230,2,5,4,1,2,1,1
491,230,2,5,3,1,1,3,1
491,230,2,5,2,2,1,1,2
491,230,2,5,1,2,1,5,2
492,220,3,5,5,1,2,1,1
492,220,3,5,5,2,1,1,1
492,220,3,5,3,2,1,1,1
492,220,3,5,1,2,1,5,2
492,220,3,5,1,1,1,5,2
493,220,0,5,5,2,2,2,1
493,220,0,5,5,1,2,1,1
493,220,0,5,3,2,1,1,1
493,220,0,5,1,2,1,5,2
493,220,0,5,1,1,1,5,2
494,220,2,5,5,2,2,1,1
494,220,2,5,5,1,2,1,1
494,220,2,5,1,1,1,5,2
494,220,2,5,1,1,1,5,2
494,220,2,5,1,2,1,5,2
495,220,1,5,5,1,4,1,1
495,220,1,5,4,2,2,1,1
495,220,1,5,1,2,1,5,2
495,220,1,5,1,1,1,5,2
495,220,1,5,1,1,1,5,2
496,220,1,5,5,2,4,2,1
496,220,1,5,5,1,2,1,1
496,220,1,5,4,1,1,1,2
496,220,1,5,3,1,1,1,1
496,220,1,5,3,2,1,3,1
497,30,1,5,5,1,2,1,1
497,30,1,5,5,2,1,1,1
497,30,1,5,4,1,2,1,1
497,30,1,5,4,2,2,1,1
497,30,1,5,4,1,2,1,1
498,220,1,5,5,2,4,2,1
498,220,1,5,5,1,2,1,1
498,220,1,5,1,1,1,5,2
498,220,1,5,1,1,1,5,2
498,220,1,5,1,1,1,5,2
499,220,2,5,5,1,2,1,1
499,220,2,5,4,2,1,1,1
499,220,2,5,1,2,1,5,2
499,220,2,5,1,1,1,5,2
499,220,2,5,1,1,1,5,2
500,220,1,5,5,1,2,1,1
500,220,1,5,4,2,1,1,1
500,220,1,5,1,1,1,5,2
500,220,1,5,1,1,1,5,2
500,220,1,5,1,1,1,5,2
501,220,1,5,5,1,4,1,1
501,220,1,5,5,2,2,1,1
501,220,1,5,3,2,1,1,2
501,220,1,5,2,2,1,3,2
501,220,1,5,2,1,1,1,2
502,220,2,5,5,1,4,1,1
502,220,2,5,4,2,2,1,1
502,220,2,5,1,1,1,5,2
502,220,2,5,1,2,1,5,2
502,220,2,5,1,1,1,5,2
503,30,1,5,5,1,4,1,1
503,30,1,5,5,2,2,1,1
503,30,1,5,4,1,1,2,1
503,30,1,5,4,1,1,1,1
503,30,1,5,4,1,2,1,1
504,220,2,5,5,1,4,1,1
504,220,2,5,5,2,2,1,1
504,220,2,5,3,1,1,1,2
504,220,2,5,3,1,1,1,1
504,220,2,5,2,1,1,3,2
505,220,2,5,5,1,4,1,1
505,220,2,5,5,2,2,1,1
505,220,2,5,3,2,1,3,1
505,220,2,5,2,1,1,3,2
505,220,2,5,1,1,1,5,2
506,220,1,5,5,1,4,1,1
506,220,1,5,4,2,2,1,1
506,220,1,5,1,1,1,5,2
506,220,1,5,1,2,1,5,2
506,220,1,5,1,1,1,5,2
507,30,1,5,5,1,2,1,1
507,30,1,5,4,2,1,1,1
507,30,1,5,4,2,1,2,1
507,30,1,5,1,1,1,5,2
507,30,1,5,1,2,1,5,2
508,220,2,5,5,1,4,1,1
508,220,2,5,4,2,2,1,1
508,220,2,5,1,1,1,5,2
508,220,2,5,1,2,1,5,2
508,220,2,5,1,2,1,5,2
509,220,1,5,5,1,2,1,1
509,220,1,5,4,2,1,1,1
509,220,1,5,1,2,1,5,2
509,220,1,5,1,1,1,5,2
509,220,1,5,1,2,1,5,2
510,220,1,5,5,1,4,1,1
510,220,1,5,5,2,2,1,1
510,220,1,5,3,1,1,1,2
510,220,1,5,1,1,1,5,2
510,220,1,5,1,1,1,5,2
511,220,2,5,5,1,4,1,1
511,220,2,5,4,2,2,1,1
511,220,2,5,1,1,1,5,2
511,220,2,5,1,2,1,5,2
511,220,2,5,1,1,1,5,2
512,30,2,5,5,1,2,1,1
512,30,2,5,5,2,1,1,1
512,30,2,5,4,2,1,2,1
512,30,2,5,1,1,1,3,2
512,30,2,5,1,2,1,5,2
513,220,1,5,5,1,4,1,1
513,220,1,5,5,2,2,1,1
513,220,1,5,3,2,1,1,2
513,220,1,5,3,1,1,3,1
513,220,1,5,2,2,1,3,2
514,30,3,5,5,1,4,1,1
514,30,3,5,5,2,2,1,1
514,30,3,5,4,1,1,2,1
514,30,3,5,4,1,1,1,1
514,30,3,5,4,1,2,1,1
515,220,1,5,5,1,2,1,1
515,220,1,5,4,2,1,1,1
515,220,1,5,3,2,1,3,2
515,220,1,5,1,2,1,5,2
515,220,1,5,1,1,1,5,2
516,220,1,5,5,1,2,1,1
516,220,1,5,5,2,1,1,1
516,220,1,5,3,2,1,1,1
516,220,1,5,1,1,1,5,2
516,220,1,5,1,1,1,5,2
517,220,2,5,5,1,4,1,1
517,220,2,5,4,2,2,1,1
517,220,2,5,1,1,1,5,2
517,220,2,5,1,2,1,5,2
517,220,2,5,1,2,1,5,2
518,220,1,5,5,2,4,2,1
518,220,1,5,5,1,2,1,1
518,220,1,5,2,1,1,1,2
518,220,1,5,1,1,1,5,2
518,220,1,5,1,1,1,5,2
519,220,0,5,5,1,4,1,1
519,220,0,5,5,2,2,1,1
519,220,0,5,4,1,1,1,1
519,220,0,5,3,2,1,3,2
519,220,0,5,2,2,1,3,2
520,30,2,5,5,2,2,1,1
520,30,2,5,5,1,2,1,1
520,30,2,5,4,1,1,1,1
520,30,2,5,3,2,1,1,2
520,30,2,5,3,2,2,1,2
521,220,1,5,5,1,2,1,1
521,220,1,5,5,2,1,1,1
521,220,1,5,3,2,1,3,2
521,220,1,5,3,1,1,1,2
521,220,1,5,3,1,1,1,1
522,230,2,5,5,1,4,1,1
522,230,2,5,4,2,2,1,1
522,230,2,5,3,1,1,1,1
522,230,2,5,2,2,1,1,2
522,230,2,5,1,1,1,5,2
523,220,1,5,5,2,4,2,1
523,220,1,5,5,1,2,1,1
523,220,1,5,2,1,1,3,2
523,220,1,5,1,1,1,5,2
523,220,1,5,1,2,1,5,2
524,220,1,5,5,1,4,1,1
524,220,1,5,5,2,2,1,1
524,220,1,5,4,2,1,1,1
524,220,1,5,1,1,1,5,2
524,220,1,5,1,2,1,5,2
525,220,1,5,5,1,2,1,1
525,220,1,5,5,2,1,1,1
525,220,1,5,3,2,1,1,2
525,220,1,5,3,2,1,1,1
525,220,1,5,2,1,1,3,2
526,30,1,5,5,1,4,1,1
526,30,1,5,4,2,2,1,1
526,30,1,5,1,1,1,3,2
526,30,1,5,4,2,1,1,1
526,30,1,5,4,2,2,2,1
527,230,2,5,5,2,4,2,1
527,230,2,5,5,1,2,1,1
527,230,2,5,2,2,1,3,2
527,230,2,5,1,2,1,5,2
527,230,2,5,1,1,1,5,2
528,220,0,5,5,1,4,1,1
528,220,0,5,5,2,2,1,1
528,220,0,5,3,1,1,1,2
528,220,0,5,1,1,1,5,2
528,220,0,5,1,1,1,5,2
529,220,2,5,5,1,2,1,1
529,220,2,5,5,2,2,1,1
529,220,2,5,3,2,1,1,2
529,220,2,5,2,2,1,1,2
529,220,2,5,1,2,1,5,2
530,220,2,5,5,2,2,1,1
530,220,2,5,5,1,2,1,1
530,220,2,5,3,2,1,1,2
530,220,2,5,3,2,1,3,2
530,220,2,5,2,2,1,1,2
531,220,3,5,5,1,4,1,1
531,220,3,5,5,2,2,1,1
531,220,3,5,3,1,1,1,1
531,220,3,5,2,1,1,1,2
531,220,3,5,1,1,1,5,2
532,220,2,5,5,1,2,1,1
532,220,2,5,4,2,1,1,1
532,220,2,5,1,2,1,5,2
532,220,2,5,1,1,1,5,2
532,220,2,5,1,1,1,5,2
533,30,2,5,5,1,2,1,1
533,30,2,5,5,2,1,1,1
533,30,2,5,4,2,1,2,1
533,30,2,5,1,1,1,3,2
533,30,2,5,1,2,1,5,2
534,220,3,5,5,2,4,1,1
534,220,3,5,5,1,2,1,1
534,220,3,5,4,2,1,1,1
534,220,3,5,3,1,1,1,1
534,220,3,5,2,2,1,3,2
535,220,1,5,5,1,2,1,1
535,220,1,5,4,2,1,1,1
535,220,1,5,1,1,1,5,2
535,220,1,5,1,1,1,5,2
535,220,1,5,1,2,1,5,2
536,220,2,5,5,1,4,1,1
536,220,2,5,5,2,2,1,1
536,220,2,5,4,2,1,2,1
536,220,2,5,4,2,1,1,2
536,220,2,5,4,1,1,1,1
537,220,3,5,5,1,4,1,1
537,220,3,5,5,2,2,1,1
537,220,3,5,3,2,1,1,1
537,220,3,5,3,1,1,1,1
537,220,3,5,2,1,1,1,2
538,220,1,5,5,1,2,1,1
538,220,1,5,5,2,1,1,1
538,220,1,5,4,1,1,2,1
538,220,1,5,3,1,1,1,1
538,220,1,5,3,2,1,1,1
539,220,1,5,5,1,2,1,1
539,220,1,5,4,2,1,1,1
539,220,1,5,1,1,1,5,2
539,220,1,5,1,1,1,5,2
539,220,1,5,1,2,1,5,2
540,220,1,5,5,1,4,1,1
540,220,1,5,4,2,2,1,1
540,220,1,5,2,1,1,1,2
540,220,1,5,1,1,1,5,2
540,220,1,5,1,2,1,5,2
541,220,1,5,5,1,2,1,1
541,220,1,5,5,2,1,1,1
541,220,1,5,1,2,1,5,2
541,220,1,5,1,2,1,5,2
541,220,1,5,1,1,1,5,2
542,220,0,5,5,1,2,1,1
542,220,0,5,4,2,1,1,1
542,220,0,5,3,1,1,1,1
542,220,0,5,3,2,1,1,1
542,220,0,5,3,1,1,1,1
543,220,2,5,5,2,4,2,1
543,220,2,5,5,1,2,1,1
543,220,2,5,4,1,1,2,1
543,220,2,5,3,2,1,1,2
543,220,2,5,2,2,1,3,2
544,230,2,5,5,2,4,2,1
544,230,2,5,5,1,2,1,1
544,230,2,5,2,2,1,3,2
544,230,2,5,1,2,1,5,2
544,230,2,5,1,1,1,5,2
545,220,2,5,5,1,4,2,1
545,220,2,5,5,2,2,1,1
545,220,2,5,4,2,1,1,1
545,220,2,5,3,1,1,3,1
545,220,2,5,3,2,1,1,1
546,220,3,5,5,1,2,1,1
546,220,3,5,5,2,1,1,1
546,220,3,5,4,1,1,2,1
546,220,3,5,1,1,1,5,2
546,220,3,5,1,1,1,5,2
547,220,1,5,5,1,4,1,1
547,220,1,5,5,2,2,1,1
547,220,1,5,4,2,1,1,1
547,220,1,5,1,1,1,5,2
547,220,1,5,1,2,1,5,2
548,220,1,5,5,1,4,1,1
548,220,1,5,4,2,2,1,1
548,220,1,5,4,1,1,1,1
548,220,1,5,3,2,1,3,2
548,220,1,5,1,2,1,5,2
549,230,3,5,5,1,4,1,1
549,230,3,5,4,2,2,1,1
549,230,3,5,4,2,1,2,1
549,230,3,5,3,1,1,3,2
549,230,3,5,2,1,1,3,2
550,220,2,5,5,1,4,1,1
550,220,2,5,5,2,2,1,1
550,220,2,5,4,1,1,1,1
550,220,2,5,3,1,1,1,2
550,220,2,5,2,2,1,3,2
551,220,2,5,5,1,4,1,1
551,220,2,5,4,2,2,1,1
551,220,2,5,1,2,1,5,2
551,220,2,5,1,1,1,5,2
551,220,2,5,1,1,1,5,2
552,220,2,5,5,1,4,1,1
552,220,2,5,4,2,2,1,1
552,220,2,5,1,1,1,5,2
552,220,2,5,1,2,1,5,2
552,220,2,5,1,2,1,5,2
553,30,1,5,5,1,4,1,1
553,30,1,5,4,2,2,1,1
553,30,1,5,4,1,4,2,1
553,30,1,5,3,1,2,1,2
553,30,1,5,3,2,1,1,1
554,220,1,5,5,1,2,1,1
554,220,1,5,5,2,1,1,1
554,220,1,5,3,1,1,1,1
554,220,1,5,3,1,1,1,2
554,220,1,5,2,1,1,1,2
555,220,2,5,5,1,4,1,1
555,220,2,5,4,2,2,1,1
555,220,2,5,1,1,1,5,2
555,220,2,5,1,1,1,5,2
555,220,2,5,1,1,1,5,2
556,220,2,5,5,2,4,1,1
556,220,2,5,5,1,2,1,1
556,220,2,5,4,2,1,2,1
556,220,2,5,3,1,1,1,1
556,220,2,5,3,1,1,1,2
557,220,1,5,5,1,2,1,1
557,220,1,5,4,2,1,1,1
557,220,1,5,1,2,1,5,2
557,220,1,5,1,1,1,5,2
557,220,1,5,1,2,1,5,2
558,220,1,5,5,2,2,1,1
558,220,1,5,5,1,2,1,1
558,220,1,5,1,2,1,5,2
558,220,1,5,1,1,1,5,2
558,220,1,5,1,1,1,5,2
559,220,1,5,5,1,2,1,1
559,220,1,5,5,2,1,1,1
559,220,1,5,2,1,1,3,2
559,220,1,5,1,2,1,5,2
559,220,1,5,1,2,1,5,2
560,220,2,5,5,2,2,1,1
560,220,2,5,5,1,2,1,1
560,220,2,5,3,2,1,1,2
560,220,2,5,2,2,1,3,2
560,220,2,5,1,2,1,5,2
561,220,1,5,5,1,4,1,1
561,220,1,5,4,2,2,1,1
561,220,1,5,1,2,1,5,2
561,220,1,5,1,2,1,5,2
561,220,1,5,1,1,1,5,2
562,230,1,5,5,1,4,1,1
562,230,1,5,4,1,2,1,1
562,230,1,5,4,2,1,1,2
562,230,1,5,1,2,1,5,2
562,230,1,5,1,2,1,5,2
563,220,2,5,5,2,2,1,1
563,220,2,5,5,1,2,1,1
563,220,2,5,3,2,1,1,2
563,220,2,5,3,2,1,3,2
563,220,2,5,2,2,1,1,2
564,220,1,5,5,1,4,2,1
564,220,1,5,5,2,2,1,1
564,220,1,5,3,2,1,1,1
564,220,1,5,2,2,1,3,2
564,220,1,5,1,1,1,5,2
565,220,1,5,5,2,2,1,1
565,220,1,5,5,1,2,1,1
565,220,1,5,1,1,1,5,2
565,220,1,5,1,1,1,5,2
565,220,1,5,1,2,1,5,2
566,220,2,5,5,1,4,1,1
566,220,2,5,4,2,2,1,1
566,220,2,5,2,1,1,1,2
566,220,2,5,1,1,1,5,2
566,220,2,5,1,1,1,5,2
567,220,1,5,5,1,4,1,1
567,220,1,5,5,2,2,1,1
567,220,1,5,3,2,1,1,2
567,220,1,5,2,2,1,3,2
567,220,1,5,2,1,1,1,2
568,30,1,5,5,1,2,1,1
568,30,1,5,4,2,1,1,1
568,30,1,5,4,2,1,2,1
568,30,1,5,1,1,1,5,2
568,30,1,5,1,2,1,5,2
569,220,1,5,5,1,4,1,1
569,220,1,5,5,2,2,1,1
569,220,1,5,4,2,1,1,1
569,220,1,5,1,1,1,5,2
569,220,1,5,1,1,1,5,2
570,30,1,5,5,1,4,1,1
570,30,1,5,4,2,2,1,1
570,30,1,5,3,1,1,3,1
570,30,1,5,2,1,1,3,2
570,30,1,5,2,2,1,1,2
571,30,1,5,5,1,2,1,1
571,30,1,5,5,2,1,1,1
571,30,1,5,4,1,1,1,1
571,30,1,5,4,1,2,1,1
571,30,1,5,1,2,1,5,2
572,220,2,5,5,1,2,1,1
572,220,2,5,5,2,3,1,1
572,220,2,5,4,2,1,1,1
572,220,2,5,4,2,1,1,1
572,220,2,5,4,1,1,1,1
573,220,1,5,5,1,4,1,1
573,220,1,5,5,2,2,1,1
573,220,1,5,3,1,1,1,2
573,220,1,5,1,1,1,5,2
573,220,1,5,1,1,1,5,2
574,220,2,5,5,1,2,1,1
574,220,2,5,5,2,2,1,1
574,220,2,5,3,2,1,1,2
574,220,2,5,2,2,1,1,2
574,220,2,5,1,2,1,5,2
575,220,1,5,5,2,4,2,1
575,220,1,5,5,1,2,1,1
575,220,1,5,2,1,1,1,2
575,220,1,5,1,1,1,5,2
575,220,1,5,1,1,1,5,2
576,220,1,5,5,1,4,1,1
576,220,1,5,4,2,2,1,1
576,220,1,5,1,1,1,5,2
576,220,1,5,1,2,1,5,2
576,220,1,5,1,1,1,5,2
577,220,1,5,5,2,4,2,1
577,220,1,5,5,1,2,1,1
577,220,1,5,4,1,1,1,2
577,220,1,5,3,1,1,1,1
577,220,1,5,3,2,1,3,1
578,230,1,5,5,1,4,1,1
578,230,1,5,4,2,2,1,1
578,230,1,5,3,1,1,1,1
578,230,1,5,3,2,1,2,1
578,230,1,5,3,2,1,1,1
579,220,2,5,5,1,2,1,1
579,220,2,5,5,2,2,1,1
579,220,2,5,3,2,1,1,2
579,220,2,5,2,2,1,1,2
579,220,2,5,1,2,1,5,2
580,220,2,5,5,1,4,1,1
580,220,2,5,5,2,2,1,1
580,220,2,5,3,1,1,1,2
580,220,2,5,3,1,1,1,1
580,220,2,5,2,1,1,3,2
581,220,1,5,5,1,4,2,1
581,220,1,5,5,2,2,1,1
581,220,1,5,3,2,1,1,1
581,220,1,5,2,2,1,3,2
581,220,1,5,1,1,1,5,2
582,220,1,5,5,1,2,1,1
582,220,1,5,5,2,1,1,1
582,220,1,5,1,2,1,5,2
582,220,1,5,1,2,1,5,2
582,220,1,5,1,1,1,5,2
583,220,1,5,5,1,4,1,1
583,220,1,5,5,2,2,1,1
583,220,1,5,4,1,1,1,1
583,220,1,5,4,1,1,1,1
583,220,1,5,3,1,1,1,2
584,220,2,5,5,1,2,1,1
584,220,2,5,5,2,1,1,1
584,220,2,5,3,1,1,1,2
584,220,2,5,1,2,1,5,2
584,220,2,5,1,1,1,5,2
585,220,1,5,5,1,4,1,1
585,220,1,5,4,2,2,1,1
585,220,1,5,1,1,1,5,2
585,220,1,5,1,2,1,5,2
585,220,1,5,1,1,1,5,2
586,220,1,5,5,1,4,1,1
586,220,1,5,5,2,2,1,1
586,220,1,5,4,2,1,1,1
586,220,1,5,1,1,1,5,2
586,220,1,5,1,1,1,5,2
587,220,1,5,5,1,2,1,1
587,220,1,5,4,2,1,1,1
587,220,1,5,1,1,1,5,2
587,220,1,5,1,1,1,5,2
587,220,1,5,1,2,1,5,2
588,220,3,5,5,1,2,1,1
588,220,3,5,5,2,1,1,1
588,220,3,5,4,1,1,1,1
588,220,3,5,3,1,1,1,1
588,220,3,5,3,2,1,1,2
589,220,1,5,5,1,2,1,1
589,220,1,5,5,2,2,1,1
589,220,1,5,4,1,1,1,1
589,220,1,5,1,1,1,5,2
589,220,1,5,1,2,1,5,2
590,220,1,5,5,1,2,1,1
590,220,1,5,5,2,2,1,1
590,220,1,5,3,1,1,1,2
590,220,1,5,2,2,1,1,2
590,220,1,5,1,2,1,5,2
591,220,1,5,5,1,2,1,1
591,220,1,5,5,2,1,1,1
591,220,1,5,3,2,1,1,2
591,220,1,5,3,2,1,1,1
591,220,1,5,2,1,1,3,2
592,30,1,5,5,1,2,1,1
592,30,1,5,5,2,1,1,1
592,30,1,5,4,1,1,1,1
592,30,1,5,4,1,2,2,1
592,30,1,5,1,2,1,5,2
593,220,0,5,5,1,2,1,1
593,220,0,5,4,2,1,1,1
593,220,0,5,2,1,1,1,2
593,220,0,5,1,1,1,5,2
593,220,0,5,1,2,1,5,2
594,220,1,5,5,1,4,1,1
594,220,1,5,5,2,2,1,1
594,220,1,5,3,1,1,1,2
594,220,1,5,3,2,1,1,2
594,220,1,5,3,1,1,2,1
595,220,4,5,5,2,4,1,1
595,220,4,5,5,1,2,1,1
595,220,4,5,1,2,1,5,2
595,220,4,5,1,1,1,5,2
595,220,4,5,1,1,1,5,2
596,220,1,5,5,1,4,1,1
596,220,1,5,5,2,2,1,1
596,220,1,5,3,2,1,1,1
596,220,1,5,1,2,1,5,2
596,220,1,5,1,2,1,5,2
597,220,1,5,5,1,2,1,1
597,220,1,5,5,2,1,1,1
597,220,1,5,1,2,1,5,2
597,220,1,5,1,2,1,5,2
597,220,1,5,1,1,1,5,2
598,220,1,5,5,1,4,1,1
598,220,1,5,5,2,2,1,1
598,220,1,5,3,1,1,1,2
598,220,1,5,1,1,1,5,2
598,220,1,5,1,1,1,5,2
599,220,1,5,5,2,4,2,1
599,220,1,5,5,1,2,1,1
599,220,1,5,2,1,1,3,2
599,220,1,5,1,1,1,5,2
599,220,1,5,1,2,1,5,2
600,220,1,5,5,1,4,1,1
600,220,1,5,4,2,2,1,1
600,220,1,5,1,2,1,5,2
600,220,1,5,1,1,1,5,2
600,220,1,5,1,1,1,5,2
601,220,1,5,5,1,4,1,1
601,220,1,5,4,2,2,1,1
601,220,1,5,2,1,1,1,2
601,220,1,5,1,1,1,5,2
601,220,1,5,1,2,1,5,2
602,30,2,5,5,2,4,2,1
602,30,2,5,5,1,2,1,1
602,30,2,5,4,1,1,1,1
602,30,2,5,4,1,1,2,1
602,30,2,5,1,2,1,5,2
603,220,3,5,5,1,2,1,1
603,220,3,5,5,2,1,1,1
603,220,3,5,4,1,1,1,1
603,220,3,5,3,1,1,1,1
603,220,3,5,3,2,1,1,2
604,220,5,5,5,1,4,1,1
604,220,5,5,4,2,2,1,1
604,220,5,5,1,2,1,5,2
604,220,5,5,1,1,1,5,2
604,220,5,5,1,1,1,5,2
605,220,1,5,5,1,4,1,1
605,220,1,5,5,2,2,1,1
605,220,1,5,3,2,1,1,2
605,220,1,5,2,2,1,3,2
605,220,1,5,2,1,1,1,2
606,220,2,5,5,2,2,1,1
606,220,2,5,5,1,2,1,1
606,220,2,5,3,2,1,1,2
606,220,2,5,3,2,1,3,2
606,220,2,5,2,2,1,1,2
607,220,1,5,5,1,4,1,1
607,220,1,5,4,2,2,1,1
607,220,1,5,2,1,1,1,2
607,220,1,5,1,1,1,5,2
607,220,1,5,1,2,1,5,2
608,220,1,5,5,2,2,1,1
608,220,1,5,5,1,2,1,1
608,220,1,5,1,2,1,5,2
608,220,1,5,1,1,1,5,2
608,220,1,5,1,1,1,5,2
609,220,2,5,5,1,4,1,1
609,220,2,5,4,2,2,1,1
609,220,2,5,1,1,1,5,2
609,220,2,5,1,1,1,5,2
609,220,2,5,1,1,1,5,2
610,220,1,5,5,1,2,1,1
610,220,1,5,5,2,1,1,1
610,220,1,5,3,1,1,1,2
610,220,1,5,2,1,1,1,2
610,220,1,5,1,2,1,5,2
611,220,1,5,5,1,4,1,1
611,220,1,5,4,2,2,1,1
611,220,1,5,1,2,1,5,2
611,220,1,5,1,2,1,5,2
611,220,1,5,1,2,1,5,2
612,220,1,5,5,1,4,1,1
612,220,1,5,4,2,2,1,1
612,220,1,5,1,2,1,5,2
612,220,1,5,1,1,1,5,2
612,220,1,5,1,1,1,5,2
613,220,1,5,5,1,2,1,1
613,220,1,5,5,2,1,1,1
613,220,1,5,2,1,1,3,2
613,220,1,5,1,2,1,5,2
613,220,1,5,1,1,1,5,2
614,220,2,5,5,1,4,1,1
614,220,2,5,5,2,2,1,1
614,220,2,5,1,1,1,5,2
614,220,2,5,1,1,1,5,2
614,220,2,5,1,1,1,5,2
615,220,1,5,5,1,2,1,1
615,220,1,5,5,2,1,1,1
615,220,1,5,3,1,1,1,2
615,220,1,5,3,1,1,1,2
615,220,1,5,3,2,1,3,2
616,220,0,5,5,2,4,2,1
616,220,0,5,5,1,2,1,1
616,220,0,5,4,2,1,1,1
616,220,0,5,3,1,1,2,2
616,220,0,5,2,1,1,3,2
617,220,1,5,5,1,4,1,1
617,220,1,5,5,2,2,1,1
617,220,1,5,2,1,1,3,2
617,220,1,5,1,2,1,5,2
617,220,1,5,1,1,1,5,2
618,30,1,5,5,1,4,1,1
618,30,1,5,4,2,2,1,1
618,30,1,5,1,1,1,3,2
618,30,1,5,4,2,1,1,1
618,30,1,5,4,2,2,2,1
619,220,2,5,5,1,4,1,1
619,220,2,5,4,2,2,1,1
619,220,2,5,2,1,1,1,2
619,220,2,5,1,1,1,5,2
619,220,2,5,1,1,1,5,2
620,220,2,5,5,2,2,2,1
620,220,2,5,5,1,2,1,1
620,220,2,5,3,2,1,1,2
620,220,2,5,2,2,1,1,2
620,220,2,5,1,1,1,5,2
621,220,3,5,5,1,2,1,1
621,220,3,5,5,2,2,1,1
621,220,3,5,3,1,1,1,2
621,220,3,5,2,2,1,1,2
621,220,3,5,1,2,1,5,2
622,220,1,5,5,1,2,1,1
622,220,1,5,4,2,1,1,1
622,220,1,5,1,1,1,5,2
622,220,1,5,1,1,1,5,2
622,220,1,5,1,2,1,5,2
623,220,1,5,5,1,4,1,1
623,220,1,5,4,2,2,1,1
623,220,1,5,1,1,1,5,2
623,220,1,5,1,2,1,3,2
623,220,1,5,1,2,1,5,2
624,220,2,5,5,1,2,1,1
624,220,2,5,5,2,1,1,1
624,220,2,5,3,1,1,1,2
624,220,2,5,3,1,1,1,1
624,220,2,5,1,1,1,5,2
625,30,1,5,5,1,4,1,1
625,30,1,5,5,2,2,1,1
625,30,1,5,5,1,2,1,2
625,30,1,5,1,2,1,5,2
625,30,1,5,1,1,1,5,2
626,30,1,5,5,1,4,1,1
626,30,1,5,4,2,2,1,1
626,30,1,5,4,1,4,2,1
626,30,1,5,3,1,2,1,2
626,30,1,5,3,2,1,1,1
627,220,2,5,5,2,2,2,1
627,220,2,5,5,1,2,1,1
627,220,2,5,3,2,1,1,1
627,220,2,5,2,1,1,3,2
627,220,2,5,1,1,1,5,2
628,220,0,5,5,2,2,2,1
628,220,0,5,5,1,2,1,1
628,220,0,5,3,2,1,1,1
628,220,0,5,1,2,1,5,2
628,220,0,5,1,1,1,5,2
629,220,0,5,5,1,4,1,1
629,220,0,5,5,2,2,1,1
629,220,0,5,3,1,1,1,1
629,220,0,5,1,1,1,5,2
629,220,0,5,1,2,1,5,2
630,220,1,5,5,1,4,1,1
630,220,1,5,5,2,2,1,1
630,220,1,5,2,1,1,3,2
630,220,1,5,1,2,1,5,2
630,220,1,5,1,1,1,5,2
631,220,1,5,5,1,4,1,1
631,220,1,5,5,2,2,1,1
631,220,1,5,4,1,1,2,2
631,220,1,5,3,2,1,1,1
631,220,1,5,3,1,1,1,2
632,220,1,5,5,1,4,1,1
632,220,1,5,4,2,2,1,1
632,220,1,5,3,1,1,1,2
632,220,1,5,3,1,1,3,1
632,220,1,5,2,1,1,1,2
633,220,2,5,5,1,4,1,1
633,220,2,5,5,2,2,1,1
633,220,2,5,4,2,1,2,1
633,220,2,5,4,2,1,1,2
633,220,2,5,4,1,1,1,1
634,220,0,5,5,2,4,2,1
634,220,0,5,5,1,2,1,1
634,220,0,5,3,2,1,1,2
634,220,0,5,1,2,1,5,2
634,220,0,5,1,1,1,5,2
635,220,1,5,5,1,2,1,1
635,220,1,5,5,2,2,1,1
635,220,1,5,4,1,1,1,1
635,220,1,5,1,1,1,5,2
635,220,1,5,1,2,1,5,2
636,220,2,5,5,2,4,2,1
636,220,2,5,5,1,2,1,1
636,220,2,5,4,2,1,1,1
636,220,2,5,3,1,1,1,2
636,220,2,5,3,1,1,1,1
637,220,1,5,5,1,4,1,1
637,220,1,5,5,2,2,1,1
637,220,1,5,4,2,1,1,1
637,220,1,5,1,2,1,5,2
637,220,1,5,1,1,1,5,2
638,220,1,5,5,1,2,1,1
638,220,1,5,4,2,1,1,1
638,220,1,5,1,2,1,5,2
638,220,1,5,1,2,1,5,2
638,220,1,5,1,1,1,5,2
639,220,2,5,5,1,4,1,1
639,220,2,5,4,2,2,1,1
639,220,2,5,1,1,1,5,2
639,220,2,5,1,1,1,5,2
639,220,2,5,1,2,1,5,2
640,220,1,5,5,2,4,2,1
640,220,1,5,5,1,2,1,1
640,220,1,5,2,1,1,1,2
640,220,1,5,1,1,1,5,2
640,220,1,5,1,1,1,5,2
641,220,2,5,5,2,2,1,1
641,220,2,5,5,1,2,1,1
641,220,2,5,2,1,1,1,2
641,220,2,5,1,1,1,5,2
641,220,2,5,1,2,1,5,2
642,220,2,5,5,1,4,2,1
642,220,2,5,5,2,2,1,1
642,220,2,5,3,1,1,1,2
642,220,2,5,2,1,1,1,2
642,220,2,5,1,2,1,5,2
643,30,2,5,5,2,2,1,1
643,30,2,5,5,1,2,1,1
643,30,2,5,4,1,1,1,1
643,30,2,5,3,2,1,1,2
643,30,2,5,3,2,2,1,2
644,220,1,5,5,1,2,1,1
644,220,1,5,4,2,1,1,1
644,220,1,5,1,2,1,5,2
644,220,1,5,1,1,1,5,2
644,220,1,5,1,2,1,5,2
645,220,2,5,5,2,4,2,1
645,220,2,5,5,1,2,1,1
645,220,2,5,4,1,1,2,1
645,220,2,5,3,2,1,1,2
645,220,2,5,2,2,1,3,2
646,220,1,5,5,1,4,1,1
646,220,1,5,5,2,2,1,1
646,220,1,5,4,2,1,1,1
646,220,1,5,1,1,1,5,2
646,220,1,5,1,2,1,5,2
647,220,1,5,5,1,4,1,1
647,220,1,5,5,2,2,1,1
647,220,1,5,2,2,1,1,2
647,220,1,5,1,2,1,5,2
647,220,1,5,1,2,1,5,2
648,220,1,5,5,2,4,2,1
648,220,1,5,5,1,2,1,1
648,220,1,5,4,1,1,1,2
648,220,1,5,3,1,1,1,1
648,220,1,5,3,2,1,3,1
649,230,2,5,5,1,4,1,1
649,230,2,5,4,1,2,1,1
649,230,2,5,3,2,1,1,2
649,230,2,5,3,1,1,1,1
649,230,2,5,2,2,1,1,2
650,220,1,5,5,2,2,1,1
650,220,1,5,5,1,2,1,1
650,220,1,5,2,2,1,1,2
650,220,1,5,2,2,1,3,2
650,220,1,5,1,1,1,5,2
651,220,1,5,5,1,4,1,1
651,220,1,5,4,2,2,1,1
651,220,1,5,3,1,1,1,1
651,220,1,5,3,2,1,2,2
651,220,1,5,3,1,1,2,1
652,30,2,5,5,1,2,1,1
652,30,2,5,5,2,1,1,1
652,30,2,5,4,1,2,1,1
652,30,2,5,4,2,2,1,1
652,30,2,5,4,1,2,1,1
653,30,1,5,5,1,4,1,1
653,30,1,5,4,2,2,1,1
653,30,1,5,4,1,4,2,1
653,30,1,5,3,1,2,1,2
653,30,1,5,3,2,1,1,1
654,220,5,5,5,1,4,1,1
654,220,5,5,4,2,2,1,1
654,220,5,5,1,1,1,5,2
654,220,5,5,1,1,1,5,2
654,220,5,5,1,1,1,5,2
655,220,1,5,5,1,2,1,1
655,220,1,5,5,2,1,1,1
655,220,1,5,3,1,1,1,1
655,220,1,5,3,1,1,1,2
655,220,1,5,2,1,1,1,2
656,220,1,5,5,2,4,2,1
656,220,1,5,5,1,2,1,1
656,220,1,5,3,1,1,2,2
656,220,1,5,3,2,1,1,1
656,220,1,5,2,1,1,3,2
657,220,1,5,5,1,4,1,1
657,220,1,5,5,2,2,1,1
657,220,1,5,3,2,1,3,1
657,220,1,5,2,1,1,3,2
657,220,1,5,1,1,1,5,2
658,220,1,5,5,2,2,1,1
658,220,1,5,5,1,2,1,1
658,220,1,5,3,2,1,1,2
658,220,1,5,2,1,1,3,2
658,220,1,5,1,2,1,5,2
659,220,1,5,5,2,4,2,1
659,220,1,5,5,1,2,1,1
659,220,1,5,4,1,1,1,2
659,220,1,5,3,1,1,1,2
659,220,1,5,3,1,1,1,2
660,220,2,5,5,1,2,1,1
660,220,2,5,4,2,1,1,1
660,220,2,5,1,2,1,5,2
660,220,2,5,1,1,1,5,2
660,220,2,5,1,1,1,5,2
661,220,2,5,5,1,4,1,1
661,220,2,5,4,2,2,1,1
661,220,2,5,1,1,1,5,2
661,220,2,5,1,2,1,5,2
661,220,2,5,1,2,1,5,2
662,220,1,5,5,1,2,1,1
662,220,1,5,5,2,1,1,1
662,220,1,5,3,2,1,3,2
662,220,1,5,3,1,1,1,2
662,220,1,5,3,1,1,1,1
663,220,0,5,5,1,4,1,1
663,220,0,5,5,2,2,1,1
663,220,0,5,1,1,1,5,2
663,220,0,5,1,2,1,5,2
663,220,0,5,1,1,1,5,2
664,220,1,5,5,1,4,1,1
664,220,1,5,5,2,2,1,1
664,220,1,5,2,2,1,1,2
664,220,1,5,1,2,1,5,2
664,220,1,5,1,2,1,5,2
665,220,2,5,5,1,4,1,1
665,220,2,5,4,2,2,1,1
665,220,2,5,3,1,1,1,1
665,220,2,5,3,1,1,2,2
665,220,2,5,3,2,1,1,2
666,220,1,5,5,1,4,1,1
666,220,1,5,5,2,2,1,1
666,220,1,5,3,1,1,1,1
666,220,1,5,3,1,1,1,2
666,220,1,5,3,1,1,1,1
667,220,2,5,5,1,2,1,1
667,220,2,5,4,2,1,1,1
667,220,2,5,1,2,1,5,2
667,220,2,5,1,1,1,5,2
667,220,2,5,1,1,1,5,2
668,220,1,5,5,2,4,2,1
668,220,1,5,5,1,2,1,1
668,220,1,5,1,1,1,5,2
668,220,1,5,1,1,1,5,2
668,220,1,5,1,1,1,5,2
669,220,1,5,5,1,4,1,1
669,220,1,5,5,2,2,1,1
669,220,1,5,3,2,1,1,1
669,220,1,5,1,2,1,5,2
669,220,1,5,1,2,1,5,2
670,220,1,5,5,1,2,1,1
670,220,1,5,4,2,1,1,1
670,220,1,5,1,2,1,5,2
670,220,1,5,1,1,1,5,2
670,220,1,5,1,2,1,5,2
671,30,3,5,5,1,2,1,1
671,30,3,5,5,2,1,1,1
671,30,3,5,4,1,1,1,1
671,30,3,5,4,1,2,1,1
671,30,3,5,1,2,1,5,2
672,220,1,5,5,1,4,1,1
672,220,1,5,4,2,2,1,1
672,220,1,5,1,1,1,5,2
672,220,1,5,1,2,1,5,2
672,220,1,5,1,1,1,5,2
673,220,0,5,5,2,4,2,1
673,220,0,5,5,1,2,1,1
673,220,0,5,4,2,1,1,1
673,220,0,5,3,2,1,2,1
673,220,0,5,3,2,1,1,2
674,30,1,5,5,1,2,1,1
674,30,1,5,5,2,1,1,1
674,30,1,5,4,1,1,1,1
674,30,1,5,4,1,2,1,1
674,30,1,5,1,2,1,5,2
675,220,1,5,5,1,4,1,1
675,220,1,5,5,2,2,1,1
675,220,1,5,4,1,1,1,1
675,220,1,5,4,1,1,1,1
675,220,1,5,3,1,1,1,2
676,220,2,5,5,2,2,1,1
676,220,2,5,5,1,2,1,1
676,220,2,5,3,2,1,3,1
676,220,2,5,3,2,1,1,2
676,220,2,5,3,1,1,3,1
677,220,2,5,5,2,2,1,1
677,220,2,5,5,1,2,1,1
677,220,2,5,1,1,1,5,2
677,220,2,5,1,1,1,5,2
677,220,2,5,1,2,1,5,2
678,220,1,5,5,1,2,1,1
678,220,1,5,5,2,1,1,1
678,220,1,5,1,2,1,5,2
678,220,1,5,1,2,1,5,2
678,220,1,5,1,1,1,5,2
679,220,2,5,5,2,2,1,1
679,220,2,5,5,1,2,1,1
679,220,2,5,3,2,1,2,1
679,220,2,5,4,1,1,5,2
679,220,2,5,1,1,1,5,2
680,220,0,5,5,2,4,2,1
680,220,0,5,5,1,2,1,1
680,220,0,5,4,2,1,1,1
680,220,0,5,3,2,1,2,1
680,220,0,5,3,2,1,1,2
681,30,2,5,5,2,2,1,1
681,30,2,5,5,1,2,1,1
681,30,2,5,4,1,1,1,1
681,30,2,5,3,2,1,1,2
681,30,2,5,3,2,2,1,2
682,220,2,5,5,1,4,1,1
682,220,2,5,4,2,2,1,1
682,220,2,5,1,1,1,5,2
682,220,2,5,1,2,1,5,2
682,220,2,5,1,1,1,5,2
683,30,1,5,5,1,4,1,1
683,30,1,5,4,2,2,1,1
683,30,1,5,1,1,1,3,2
683,30,1,5,4,2,1,1,1
683,30,1,5,4,2,2,2,1
684,220,0,5,5,1,4,1,1
684,220,0,5,5,2,2,1,1
684,220,0,5,4,1,1,1,1
684,220,0,5,3,2,1,3,2
684,220,0,5,2,2,1,3,2
685,220,5,5,5,1,4,1,1
685,220,5,5,4,2,2,1,1
685,220,5,5,1,1,1,5,2
685,220,5,5,1,1,1,5,2
685,220,5,5,1,1,1,5,2
686,220,2,5,5,2,2,2,1
686,220,2,5,5,1,2,1,1
686,220,2,5,1,1,1,5,2
686,220,2,5,1,2,1,5,2
686,220,2,5,1,1,1,5,2
687,220,3,5,5,1,2,1,1
687,220,3,5,5,2,1,1,1
687,220,3,5,3,2,1,1,1
687,220,3,5,1,2,1,5,2
687,220,3,5,1,1,1,5,2
688,220,2,5,5,2,2,1,1
688,220,2,5,5,1,2,1,1
688,220,2,5,1,2,1,5,2
688,220,2,5,1,1,1,5,2
688,220,2,5,1,1,1,5,2
689,230,2,5,5,1,4,1,1
689,230,2,5,4,1,2,1,1
689,230,2,5,3,2,1,1,2
689,230,2,5,3,1,1,1,1
689,230,2,5,2,2,1,1,2
690,30,2,5,5,2,4,2,1
690,30,2,5,5,1,2,1,1
690,30,2,5,4,1,1,1,1
690,30,2,5,4,1,1,2,1
690,30,2,5,1,2,1,5,2
691,220,2,5,5,1,4,1,1
691,220,2,5,5,2,2,1,1
691,220,2,5,3,2,1,1,2
691,220,2,5,2,2,1,3,2
691,220,2,5,2,1,1,1,2
692,220,1,5,5,1,4,1,1
692,220,1,5,5,2,2,1,1
692,220,1,5,3,1,1,1,1
692,220,1,5,3,1,1,1,2
692,220,1,5,3,1,1,1,1
693,220,2,5,5,1,4,1,1
693,220,2,5,5,2,2,1,1
693,220,2,5,4,2,1,2,1
693,220,2,5,4,2,1,1,2
693,220,2,5,4,1,1,1,1
694,220,2,5,5,1,4,1,1
694,220,2,5,4,2,2,1,1
694,220,2,5,1,1,1,5,2
694,220,2,5,1,2,1,5,2
694,220,2,5,1,2,1,5,2
695,220,1,5,5,1,2,1,1
695,220,1,5,5,2,1,1,1
695,220,1,5,3,1,1,1,1
695,220,1,5,3,1,1,1,2
695,220,1,5,2,1,1,1,2
696,30,1,5,5,1,4,1,1
696,30,1,5,4,2,2,1,1
696,30,1,5,3,1,1,3,1
696,30,1,5,2,1,1,3,2
696,30,1,5,2,2,1,1,2
697,220,2,5,5,2,4,2,1
697,220,2,5,5,1,2,1,1
697,220,2,5,3,2,1,1,2
697,220,2,5,3,1,1,1,2
697,220,2,5,3,1,1,1,1
698,220,1,5,5,1,4,1,1
698,220,1,5,5,2,2,1,1
698,220,1,5,4,2,1,1,1
698,220,1,5,1,2,1,5,2
698,220,1,5,1,1,1,5,2
699,220,1,5,5,1,4,2,1
699,220,1,5,5,2,2,1,1
699,220,1,5,3,2,1,1,1
699,220,1,5,2,2,1,3,2
699,220,1,5,1,1,1,5,2
700,220,2,5,5,1,4,1,1
700,220,2,5,5,2,2,1,1
700,220,2,5,4,2,1,2,1
700,220,2,5,4,2,1,1,2
700,220,2,5,4,1,1,1,1
701,220,1,5,5,2,2,1,1
701,220,1,5,5,1,2,1,1
701,220,1,5,1,2,1,5,2
701,220,1,5,1,1,1,5,2
701,220,1,5,1,1,1,5,2
702,220,3,5,5,2,4,1,1
702,220,3,5,5,1,2,1,1
702,220,3,5,4,1,1,2,1
702,220,3,5,3,2,1,1,2
702,220,3,5,2,1,1,3,2
703,220,1,5,5,1,2,1,1
703,220,1,5,5,2,1,1,1
703,220,1,5,3,2,1,1,2
703,220,1,5,3,2,1,1,1
703,220,1,5,2,1,1,3,2
704,220,1,5,5,1,2,1,1
704,220,1,5,5,2,1,1,1
704,220,1,5,4,1,1,2,1
704,220,1,5,3,1,1,1,1
704,220,1,5,3,2,1,1,1
705,220,2,5,5,1,2,1,1
705,220,2,5,4,2,1,1,1
705,220,2,5,2,2,1,1,2
705,220,2,5,1,1,1,5,2
705,220,2,5,1,1,1,5,2
706,220,1,5,5,2,2,1,1
706,220,1,5,5,1,2,1,1
706,220,1,5,1,2,1,5,2
706,220,1,5,1,1,1,5,2
706,220,1,5,1,1,1,5,2
707,220,1,5,5,2,4,2,1
707,220,1,5,5,1,2,1,1
707,220,1,5,1,1,1,5,2
707,220,1,5,1,2,1,5,2
707,220,1,5,1,1,1,5,2
708,220,1,5,5,1,2,1,1
708,220,1,5,5,2,1,1,1
708,220,1,5,3,1,1,3,1
708,220,1,5,3,2,1,1,1
708,220,1,5,3,2,1,1,1
709,220,0,5,5,2,2,2,1
709,220,0,5,5,1,2,1,1
709,220,0,5,2,2,1,3,2
709,220,0,5,1,1,1,5,2
709,220,0,5,1,1,1,5,2
710,220,2,5,5,1,2,1,1
710,220,2,5,4,2,1,1,1
710,220,2,5,2,2,1,1,2
710,220,2,5,1,1,1,5,2
710,220,2,5,1,1,1,5,2
711,220,2,5,5,1,2,1,1
711,220,2,5,5,2,1,1,1
711,220,2,5,4,1,1,1,1
711,220,2,5,4,1,1,1,2
711,220,2,5,4,1,1,1,1
712,220,1,5,5,1,2,1,1
712,220,1,5,4,2,1,1,1
712,220,1,5,1,2,1,5,2
712,220,1,5,1,1,1,5,2
712,220,1,5,1,2,1,5,2
713,230,1,5,5,1,4,1,1
713,230,1,5,4,1,2,1,1
713,230,1,5,4,2,1,1,2
713,230,1,5,1,2,1,5,2
713,230,1,5,1,2,1,5,2
714,220,1,5,5,2,2,1,1
714,220,1,5,5,1,2,1,1
714,220,1,5,3,2,1,1,2
714,220,1,5,3,2,1,1,1
714,220,1,5,1,1,1,5,2
715,220,2,5,5,1,2,1,1
715,220,2,5,4,2,1,1,1
715,220,2,5,1,2,1,5,2
715,220,2,5,1,1,1,5,2
715,220,2,5,1,1,1,5,2
716,220,0,5,5,2,4,2,1
716,220,0,5,5,1,2,1,1
716,220,0,5,3,2,1,1,2
716,220,0,5,3,1,1,1,2
716,220,0,5,3,2,1,1,2
717,220,2,5,5,1,4,1,1
717,220,2,5,5,2,2,1,1
717,220,2,5,3,1,1,1,2
717,220,2,5,3,1,1,1,1
717,220,2,5,2,1,1,3,2
718,220,2,5,5,1,4,1,1
718,220,2,5,4,2,2,1,1
718,220,2,5,1,1,1,5,2
718,220,2,5,1,1,1,5,2
718,220,2,5,1,2,1,5,2
719,30,3,5,5,1,4,1,1
719,30,3,5,5,2,2,1,1
719,30,3,5,4,1,1,2,1
719,30,3,5,4,1,1,1,1
719,30,3,5,4,1,2,1,1
720,220,2,5,5,2,2,1,1
720,220,2,5,5,1,2,1,1
720,220,2,5,3,2,1,1,2
720,220,2,5,3,2,1,3,2
720,220,2,5,2,2,1,1,2
721,220,1,5,5,1,4,1,1
721,220,1,5,5,2,2,1,1
721,220,1,5,4,1,1,1,1
721,220,1,5,4,1,1,1,1
721,220,1,5,3,1,1,1,2
722,220,2,5,5,1,4,1,1
722,220,2,5,5,2,2,1,1
722,220,2,5,1,2,1,5,2
722,220,2,5,1,1,1,5,2
722,220,2,5,1,1,1,5,2
723,230,1,5,5,1,4,1,1
723,230,1,5,4,1,2,1,1
723,230,1,5,4,2,1,1,2
723,230,1,5,1,2,1,5,2
723,230,1,5,1,2,1,5,2
724,220,1,5,5,2,4,2,1
724,220,1,5,5,1,2,1,1
724,220,1,5,4,1,1,1,2
724,220,1,5,3,1,1,1,2
724,220,1,5,3,1,1,1,2
725,220,1,5,5,1,4,1,1
725,220,1,5,5,2,2,1,1
725,220,1,5,4,2,1,1,1
725,220,1,5,1,2,1,5,2
725,220,1,5,1,1,1,5,2
726,220,5,5,5,1,4,1,1
726,220,5,5,4,2,2,1,1
726,220,5,5,1,2,1,5,2
726,220,5,5,1,1,1,5,2
726,220,5,5,1,1,1,5,2
727,220,1,5,5,1,2,1,1
727,220,1,5,4,2,1,1,1
727,220,1,5,3,2,1,3,2
727,220,1,5,1,2,1,5,2
727,220,1,5,1,1,1,5,2
728,30,1,5,5,1,2,1,1
728,30,1,5,5,2,1,1,1
728,30,1,5,4,1,1,1,1
728,30,1,5,4,1,2,1,1
728,30,1,5,1,2,1,5,2
729,220,3,5,5,2,4,1,1
729,220,3,5,5,1,2,1,1
729,220,3,5,4,2,1,1,1
729,220,3,5,3,1,1,1,1
729,220,3,5,2,2,1,3,2
730,220,1,5,5,1,2,1,1
730,220,1,5,4,2,1,1,1
730,220,1,5,1,1,1,5,2
730,220,1,5,1,1,1,5,2
730,220,1,5,1,2,1,5,2
731,220,2,5,5,2,2,2,1
731,220,2,5,5,1,2,1,1
731,220,2,5,3,2,1,1,2
731,220,2,5,3,2,1,2,1
731,220,2,5,2,1,1,1,2
732,220,1,5,5,1,2,1,1
732,220,1,5,4,2,1,1,1
732,220,1,5,1,2,1,5,2
732,220,1,5,1,1,1,5,2
732,220,1,5,1,2,1,5,2
733,30,1,5,5,1,4,1,1
733,30,1,5,4,2,2,1,1
733,30,1,5,3,1,1,3,1
733,30,1,5,2,1,1,3,2
733,30,1,5,2,2,1,1,2
734,230,3,5,5,1,4,1,1
734,230,3,5,4,2,2,1,1
734,230,3,5,4,2,1,2,1
734,230,3,5,3,1,1,3,2
734,230,3,5,2,1,1,3,2
735,220,0,5,5,2,4,2,1
735,220,0,5,5,1,2,1,1
735,220,0,5,3,2,1,1,2
735,220,0,5,1,2,1,5,2
735,220,0,5,1,1,1,5,2
736,220,2,5,5,2,2,2,1
736,220,2,5,5,1,2,1,1
736,220,2,5,3,2,1,1,1
736,220,2,5,2,1,1,3,2
736,220,2,5,1,1,1,5,2
737,220,1,5,5,1,4,1,1
737,220,1,5,5,2,2,1,1
737,220,1,5,3,2,1,1,1
737,220,1,5,2,2,1,3,2
737,220,1,5,1,1,1,5,2
738,30,1,5,5,1,2,1,1
738,30,1,5,5,2,1,1,1
738,30,1,5,4,1,1,1,1
738,30,1,5,4,1,2,2,1
738,30,1,5,1,2,1,5,2
739,220,1,5,5,1,2,1,1
739,220,1,5,5,2,1,1,1
739,220,1,5,3,2,1,1,2
739,220,1,5,3,2,1,2,1
739,220,1,5,2,2,1,5,2
740,220,3,5,5,1,4,1,1
740,220,3,5,5,2,2,1,1
740,220,3,5,4,2,1,1,1
740,220,3,5,4,1,1,1,1
740,220,3,5,4,1,1,1,1
741,220,1,5,5,1,4,1,1
741,220,1,5,5,2,2,1,1
741,220,1,5,4,2,1,1,1
741,220,1,5,1,1,1,5,2
741,220,1,5,1,1,1,5,2
742,220,2,5,5,2,2,1,1
742,220,2,5,5,1,2,1,1
742,220,2,5,1,1,1,5,2
742,220,2,5,1,1,1,5,2
742,220,2,5,1,1,1,5,2
743,220,0,5,5,1,4,1,1
743,220,0,5,5,2,2,1,1
743,220,0,5,3,1,1,1,1
743,220,0,5,1,1,1,5,2
743,220,0,5,1,2,1,5,2
744,30,2,5,5,1,2,1,1
744,30,2,5,5,2,1,1,1
744,30,2,5,4,2,1,2,1
744,30,2,5,1,1,1,3,2
744,30,2,5,1,2,1,5,2
745,220,2,5,5,1,2,1,1
745,220,2,5,4,2,1,1,1
745,220,2,5,1,2,1,5,2
745,220,2,5,1,1,1,5,2
745,220,2,5,1,1,1,5,2
746,220,2,5,5,1,4,1,1
746,220,2,5,5,2,2,1,1
746,220,2,5,3,2,1,3,1
746,220,2,5,2,1,1,3,2
746,220,2,5,1,1,1,5,2
747,220,1,5,5,1,4,1,1
747,220,1,5,5,2,2,1,1
747,220,1,5,3,2,1,1,1
747,220,1,5,1,2,1,5,2
747,220,1,5,1,2,1,5,2
748,220,1,5,5,1,4,1,1
748,220,1,5,5,2,2,1,1
748,220,1,5,2,2,1,1,2
748,220,1,5,1,2,1,5,2
748,220,1,5,1,2,1,5,2
749,220,1,5,5,1,4,1,1
749,220,1,5,5,2,2,1,1
749,220,1,5,4,2,1,1,1
749,220,1,5,1,1,1,5,2
749,220,1,5,1,1,1,5,2
750,220,0,5,5,1,4,1,1
750,220,0,5,5,2,2,1,1
750,220,0,5,3,1,1,1,1
750,220,0,5,1,1,1,5,2
750,220,0,5,1,2,1,5,2
751,220,2,5,5,2,4,2,1
751,220,2,5,5,1,2,1,1
751,220,2,5,4,2,1,1,1
751,220,2,5,3,1,1,1,2
751,220,2,5,3,1,1,1,1
752,220,1,5,5,1,4,1,1
752,220,1,5,5,2,2,1,1
752,220,1,5,4,2,1,1,1
752,220,1,5,1,1,1,5,2
752,220,1,5,1,2,1,5,2
753,220,1,5,5,2,4,2,1
753,220,1,5,5,1,2,1,1
753,220,1,5,2,1,1,1,2
753,220,1,5,1,1,1,5,2
753,220,1,5,1,1,1,5,2
754,30,0,5,5,1,4,1,1
754,30,0,5,5,2,2,1,1
754,30,0,5,5,1,2,1,2
754,30,0,5,4,1,1,1,1
754,30,0,5,4,2,1,2,1
755,220,2,5,5,1,4,1,1
755,220,2,5,4,2,2,1,1
755,220,2,5,2,1,1,1,2
755,220,2,5,1,1,1,5,2
755,220,2,5,1,1,1,5,2
756,220,2,5,5,1,4,1,1
756,220,2,5,5,2,2,1,1
756,220,2,5,3,1,1,1,2
756,220,2,5,3,1,1,1,1
756,220,2,5,2,1,1,3,2
757,220,2,5,5,2,4,2,1
757,220,2,5,5,1,2,1,1
757,220,2,5,3,2,1,1,2
757,220,2,5,3,1,1,1,2
757,220,2,5,3,1,1,1,1
758,220,1,5,5,1,2,1,1
758,220,1,5,4,2,1,1,1
758,220,1,5,1,1,1,5,2
758,220,1,5,1,1,1,5,2
758,220,1,5,1,2,1,5,2
759,220,1,5,5,1,4,1,1
759,220,1,5,5,2,2,1,1
759,220,1,5,3,2,1,1,1
759,220,1,5,1,2,1,5,2
759,220,1,5,1,2,1,5,2
760,220,1,5,5,1,2,1,1
760,220,1,5,5,2,1,1,1
760,220,1,5,3,2,1,1,1
760,220,1,5,1,1,1,5,2
760,220,1,5,1,1,1,5,2
761,220,2,5,5,1,4,2,1
761,220,2,5,5,2,2,1,1
761,220,2,5,4,2,1,1,1
761,220,2,5,3,1,1,3,1
761,220,2,5,3,2,1,1,1
762,30,1,5,5,1,4,1,1
762,30,1,5,4,2,2,1,1
762,30,1,5,3,1,1,3,1
762,30,1,5,2,1,1,3,2
762,30,1,5,2,2,1,1,2
763,220,2,5,5,2,4,2,1
763,220,2,5,5,1,2,1,1
763,220,2,5,4,2,1,1,1
763,220,2,5,2,1,1,3,2
763,220,2,5,2,1,1,1,2
764,220,2,5,5,1,4,1,1
764,220,2,5,4,2,2,1,1
764,220,2,5,1,1,1,5,2
764,220,2,5,1,1,1,5,2
764,220,2,5,1,1,1,5,2
765,220,2,5,5,2,2,2,1
765,220,2,5,5,1,2,1,1
765,220,2,5,3,1,1,1,1
765,220,2,5,3,2,1,2,2
765,220,2,5,3,1,1,2,1
766,220,2,5,5,1,2,1,1
766,220,2,5,4,2,1,1,1
766,220,2,5,1,2,1,5,2
766,220,2,5,1,2,1,5,2
766,220,2,5,1,1,1,5,2
767,220,2,5,5,1,2,1,1
767,220,2,5,5,2,2,1,1
767,220,2,5,3,2,1,1,2
767,220,2,5,2,2,1,1,2
767,220,2,5,1,2,1,5,2
768,220,2,5,5,1,4,1,1
768,220,2,5,5,2,2,1,1
768,220,2,5,1,2,1,5,2
768,220,2,5,1,1,1,5,2
768,220,2,5,1,1,1,5,2
769,220,1,5,5,1,2,1,1
769,220,1,5,5,2,1,1,1
769,220,1,5,2,1,1,3,2
769,220,1,5,1,2,1,5,2
769,220,1,5,1,2,1,5,2
