Year,Sex,Age,Ratio
2004,Male,1,0.0133
2004,Male,2,0.0081
2004,Male,3,0.0074
2004,Male,4,0.0066
2004,Male,5,0.0067
2004,Male,6,0.0067
2004,Male,7,0.0067
2004,Male,8,0.005
2004,Male,9,0.0066
2004,Male,10,0.006
2004,Male,11,0.0055
2004,Male,12,0.0042
2004,Male,13,0.0064
2004,Male,14,0.008
2004,Male,15,0.0074
2004,Male,16,0.0078
2004,Male,17,0.0067
2004,Male,18,0.0074
2004,Male,19,0.0078
2004,Male,20,0.0123
2004,Male,21,0.0135
2004,Male,22,0.0144
2004,Male,23,0.0173
2004,Male,24,0.0202
2004,Male,25,0.0236
2004,Male,26,0.0248
2004,Male,27,0.0238
2004,Male,28,0.0245
2004,Male,29,0.0231
2004,Male,30,0.0203
2004,Male,31,0.0169
2004,Male,32,0.0156
2004,Male,33,0.0133
2004,Male,34,0.0123
2004,Male,35,0.0102
2004,Male,36,0.0093
2004,Male,37,0.0078
2004,Male,38,0.0073
2004,Male,39,0.0063
2004,Male,40,0.0045
2004,Male,41,0.004
2004,Male,42,0.0041
2004,Male,43,0.004
2004,Male,44,0.0032
2004,Male,45,0.0034
2004,Male,46,0.0015
2004,Male,47,0.0013
2004,Male,48,0.002
2004,Male,49,0.0021
2004,Male,50,0.0013
2004,Male,51,-0.0004
2004,Male,52,-0.0004
2004,Male,53,-0.0007
2004,Male,54,-0.0014
2004,Male,55,-0.0017
2004,Male,56,-0.0021
2004,Male,57,-0.0023
2004,Male,58,-0.0028
2004,Male,59,-0.0029
2004,Male,60,-0.0034
2004,Male,61,-0.0045
2004,Male,62,-0.0046
2004,Male,63,-0.0047
2004,Male,64,-0.0049
2004,Male,65,-0.0107
2004,Male,66,-0.0059
2004,Male,67,-0.0043
2004,Male,68,-0.0026
2004,Male,69,-0.0026
2004,Male,70,-0.0022
2004,Male,71,-0.0022
2004,Male,72,-0.0012
2004,Male,73,-0.0017
2004,Male,74,-0.0019
2004,Male,75,-0.0003
2004,Male,76,-0.0011
2004,Male,77,-0.0016
2004,Male,78,-0.0011
2004,Male,79,-0.0006
2004,Male,80,-0.0007
2004,Male,81,-0.0012
2004,Male,82,-0.0006
2004,Male,83,-0.0021
2004,Male,84,-0.0012
2004,Male,85,-0.001
2004,Male,86,-0.0006
2004,Male,87,-0.0018
2004,Male,88,-0.0005
2004,Male,89,-0.002
2004,Male,90,-0.0004
2004,Male,91,-0.0006
2004,Male,92,-0.0017
2004,Male,93,0.001
2004,Male,94,-0.0026
2004,Male,95,-0.0009
2004,Male,96,-0.0025
2004,Male,97,0.0019
2004,Male,98,0.0
2004,Male,99,-0.0021
2004,Female,1,0.0119
2004,Female,2,0.0091
2004,Female,3,0.0036
2004,Female,4,0.0055
2004,Female,5,0.0052
2004,Female,6,0.0045
2004,Female,7,0.0055
2004,Female,8,0.0051
2004,Female,9,0.0046
2004,Female,10,0.0052
2004,Female,11,0.0049
2004,Female,12,0.0048
2004,Female,13,0.005
2004,Female,14,0.0058
2004,Female,15,0.0061
2004,Female,16,0.0065
2004,Female,17,0.0075
2004,Female,18,0.0109
2004,Female,19,0.0139
2004,Female,20,0.0197
2004,Female,21,0.0214
2004,Female,22,0.0204
2004,Female,23,0.024
2004,Female,24,0.0249
2004,Female,25,0.0265
2004,Female,26,0.0254
2004,Female,27,0.0261
2004,Female,28,0.0249
2004,Female,29,0.024
2004,Female,30,0.019
2004,Female,31,0.0159
2004,Female,32,0.0145
2004,Female,33,0.0111
2004,Female,34,0.0093
2004,Female,35,0.009
2004,Female,36,0.007
2004,Female,37,0.0073
2004,Female,38,0.0044
2004,Female,39,0.0046
2004,Female,40,0.0039
2004,Female,41,0.0028
2004,Female,42,0.0033
2004,Female,43,0.0026
2004,Female,44,0.002
2004,Female,45,0.0027
2004,Female,46,0.0009
2004,Female,47,0.0012
2004,Female,48,0.0008
2004,Female,49,0.0003
2004,Female,50,0.0006
2004,Female,51,-0.0009
2004,Female,52,-0.0006
2004,Female,53,-0.0014
2004,Female,54,-0.0014
2004,Female,55,-0.0022
2004,Female,56,-0.002
2004,Female,57,-0.0031
2004,Female,58,-0.0025
2004,Female,59,-0.0026
2004,Female,60,-0.0031
2004,Female,61,-0.002
2004,Female,62,-0.0024
2004,Female,63,-0.0048
2004,Female,64,-0.0039
2004,Female,65,-0.003
2004,Female,66,-0.0015
2004,Female,67,-0.0008
2004,Female,68,-0.0016
2004,Female,69,-0.0005
2004,Female,70,-0.0005
2004,Female,71,-0.0015
2004,Female,72,-0.0005
2004,Female,73,-0.0008
2004,Female,74,-0.0004
2004,Female,75,-0.0009
2004,Female,76,-0.0009
2004,Female,77,-0.0007
2004,Female,78,-0.0005
2004,Female,79,-0.0005
2004,Female,80,-0.0005
2004,Female,81,-0.0007
2004,Female,82,-0.0006
2004,Female,83,-0.001
2004,Female,84,-0.0008
2004,Female,85,-0.0007
2004,Female,86,-0.0006
2004,Female,87,-0.0015
2004,Female,88,-0.0015
2004,Female,89,-0.0023
2004,Female,90,-0.0003
2004,Female,91,-0.0011
2004,Female,92,-0.0015
2004,Female,93,-0.0019
2004,Female,94,-0.002
2004,Female,95,-0.0003
2004,Female,96,-0.0021
2004,Female,97,-0.0005
2004,Female,98,-0.0015
2004,Female,99,-0.0016
2005,Male,1,0.0117
2005,Male,2,0.0062
2005,Male,3,0.0055
2005,Male,4,0.0046
2005,Male,5,0.0056
2005,Male,6,0.0048
2005,Male,7,0.0046
2005,Male,8,0.0044
2005,Male,9,0.0046
2005,Male,10,0.0062
2005,Male,11,0.0053
2005,Male,12,0.0052
2005,Male,13,0.0056
2005,Male,14,0.0054
2005,Male,15,0.0063
2005,Male,16,0.0083
2005,Male,17,0.0065
2005,Male,18,0.0062
2005,Male,19,0.0082
2005,Male,20,0.0121
2005,Male,21,0.0116
2005,Male,22,0.0131
2005,Male,23,0.0189
2005,Male,24,0.0192
2005,Male,25,0.0217
2005,Male,26,0.0235
2005,Male,27,0.0252
2005,Male,28,0.0228
2005,Male,29,0.0219
2005,Male,30,0.0182
2005,Male,31,0.0164
2005,Male,32,0.0149
2005,Male,33,0.0139
2005,Male,34,0.0107
2005,Male,35,0.0098
2005,Male,36,0.0091
2005,Male,37,0.008
2005,Male,38,0.0066
2005,Male,39,0.0064
2005,Male,40,0.0052
2005,Male,41,0.0053
2005,Male,42,0.0049
2005,Male,43,0.0031
2005,Male,44,0.0027
2005,Male,45,0.0044
2005,Male,46,0.0028
2005,Male,47,0.0015
2005,Male,48,0.0018
2005,Male,49,0.0012
2005,Male,50,0.0019
2005,Male,51,-0.0001
2005,Male,52,-0.0001
2005,Male,53,-0.0009
2005,Male,54,-0.0012
2005,Male,55,-0.0016
2005,Male,56,-0.0022
2005,Male,57,-0.0026
2005,Male,58,-0.0023
2005,Male,59,-0.0037
2005,Male,60,-0.0059
2005,Male,61,-0.0053
2005,Male,62,-0.0042
2005,Male,63,-0.0046
2005,Male,64,-0.0041
2005,Male,65,-0.0096
2005,Male,66,-0.0053
2005,Male,67,-0.0036
2005,Male,68,-0.0032
2005,Male,69,-0.0028
2005,Male,70,-0.0025
2005,Male,71,-0.0019
2005,Male,72,-0.0013
2005,Male,73,-0.0015
2005,Male,74,-0.0007
2005,Male,75,-0.0012
2005,Male,76,-0.0001
2005,Male,77,-0.0007
2005,Male,78,-0.0009
2005,Male,79,-0.0017
2005,Male,80,-0.0006
2005,Male,81,-0.0009
2005,Male,82,-0.0007
2005,Male,83,-0.0009
2005,Male,84,-0.0008
2005,Male,85,-0.0017
2005,Male,86,-0.0016
2005,Male,87,-0.0009
2005,Male,88,-0.001
2005,Male,89,-0.0012
2005,Male,90,-0.0012
2005,Male,91,-0.0013
2005,Male,92,-0.0027
2005,Male,93,-0.0009
2005,Male,94,-0.0012
2005,Male,95,0.0
2005,Male,96,-0.0047
2005,Male,97,-0.0034
2005,Male,98,0.0
2005,Male,99,-0.007
2005,Female,1,0.0106
2005,Female,2,0.0067
2005,Female,3,0.0042
2005,Female,4,0.0049
2005,Female,5,0.0034
2005,Female,6,0.0034
2005,Female,7,0.0041
2005,Female,8,0.004
2005,Female,9,0.0043
2005,Female,10,0.0038
2005,Female,11,0.0046
2005,Female,12,0.0038
2005,Female,13,0.0052
2005,Female,14,0.0047
2005,Female,15,0.0052
2005,Female,16,0.008
2005,Female,17,0.0071
2005,Female,18,0.0122
2005,Female,19,0.0157
2005,Female,20,0.0157
2005,Female,21,0.0173
2005,Female,22,0.0174
2005,Female,23,0.0196
2005,Female,24,0.022
2005,Female,25,0.0217
2005,Female,26,0.0256
2005,Female,27,0.0235
2005,Female,28,0.0209
2005,Female,29,0.0197
2005,Female,30,0.0145
2005,Female,31,0.0144
2005,Female,32,0.0107
2005,Female,33,0.011
2005,Female,34,0.0084
2005,Female,35,0.0063
2005,Female,36,0.0073
2005,Female,37,0.0064
2005,Female,38,0.0045
2005,Female,39,0.0025
2005,Female,40,0.0035
2005,Female,41,0.0029
2005,Female,42,0.0035
2005,Female,43,0.0019
2005,Female,44,0.0022
2005,Female,45,0.0021
2005,Female,46,0.0025
2005,Female,47,0.0006
2005,Female,48,0.0001
2005,Female,49,-0.0009
2005,Female,50,-0.0004
2005,Female,51,-0.0017
2005,Female,52,-0.0006
2005,Female,53,-0.0014
2005,Female,54,-0.0012
2005,Female,55,-0.0013
2005,Female,56,-0.0023
2005,Female,57,-0.0029
2005,Female,58,-0.0029
2005,Female,59,-0.0032
2005,Female,60,-0.0037
2005,Female,61,-0.0024
2005,Female,62,-0.0036
2005,Female,63,-0.0031
2005,Female,64,-0.0027
2005,Female,65,-0.0032
2005,Female,66,-0.002
2005,Female,67,-0.0017
2005,Female,68,-0.0016
2005,Female,69,-0.0007
2005,Female,70,-0.0008
2005,Female,71,-0.0009
2005,Female,72,-0.0007
2005,Female,73,-0.0007
2005,Female,74,-0.0006
2005,Female,75,-0.0008
2005,Female,76,-0.0006
2005,Female,77,-0.0008
2005,Female,78,-0.0003
2005,Female,79,-0.0006
2005,Female,80,-0.0008
2005,Female,81,-0.0007
2005,Female,82,-0.0002
2005,Female,83,-0.0006
2005,Female,84,-0.0008
2005,Female,85,-0.0005
2005,Female,86,-0.001
2005,Female,87,0.0
2005,Female,88,-0.0006
2005,Female,89,-0.0013
2005,Female,90,-0.002
2005,Female,91,-0.0012
2005,Female,92,-0.0014
2005,Female,93,-0.0011
2005,Female,94,-0.0014
2005,Female,95,-0.001
2005,Female,96,-0.0035
2005,Female,97,-0.0019
2005,Female,98,0.002
2005,Female,99,-0.0018
2006,Male,1,0.0115
2006,Male,2,0.0076
2006,Male,3,0.0054
2006,Male,4,0.0051
2006,Male,5,0.0062
2006,Male,6,0.0063
2006,Male,7,0.0051
2006,Male,8,0.0046
2006,Male,9,0.0058
2006,Male,10,0.0056
2006,Male,11,0.006
2006,Male,12,0.0049
2006,Male,13,0.0058
2006,Male,14,0.0061
2006,Male,15,0.0074
2006,Male,16,0.0077
2006,Male,17,0.0056
2006,Male,18,0.0064
2006,Male,19,0.0074
2006,Male,20,0.0106
2006,Male,21,0.0109
2006,Male,22,0.0134
2006,Male,23,0.0164
2006,Male,24,0.0222
2006,Male,25,0.021
2006,Male,26,0.0235
2006,Male,27,0.0234
2006,Male,28,0.0245
2006,Male,29,0.022
2006,Male,30,0.02
2006,Male,31,0.0205
2006,Male,32,0.0179
2006,Male,33,0.0158
2006,Male,34,0.0135
2006,Male,35,0.012
2006,Male,36,0.0107
2006,Male,37,0.0087
2006,Male,38,0.0081
2006,Male,39,0.0075
2006,Male,40,0.0068
2006,Male,41,0.0051
2006,Male,42,0.0059
2006,Male,43,0.0042
2006,Male,44,0.0046
2006,Male,45,0.0039
2006,Male,46,0.0038
2006,Male,47,0.0034
2006,Male,48,0.0023
2006,Male,49,0.0011
2006,Male,50,0.0014
2006,Male,51,-0.0002
2006,Male,52,-0.0007
2006,Male,53,-0.0012
2006,Male,54,-0.0011
2006,Male,55,-0.0018
2006,Male,56,-0.0034
2006,Male,57,-0.0036
2006,Male,58,-0.0037
2006,Male,59,-0.0031
2006,Male,60,-0.0073
2006,Male,61,-0.0049
2006,Male,62,-0.0047
2006,Male,63,-0.0047
2006,Male,64,-0.0036
2006,Male,65,-0.0075
2006,Male,66,-0.0062
2006,Male,67,-0.0035
2006,Male,68,-0.0025
2006,Male,69,-0.0028
2006,Male,70,-0.0019
2006,Male,71,-0.0016
2006,Male,72,-0.0011
2006,Male,73,-0.0013
2006,Male,74,-0.001
2006,Male,75,-0.0014
2006,Male,76,-0.0013
2006,Male,77,-0.0013
2006,Male,78,-0.0003
2006,Male,79,-0.001
2006,Male,80,-0.0001
2006,Male,81,-0.0009
2006,Male,82,-0.001
2006,Male,83,-0.0008
2006,Male,84,-0.0018
2006,Male,85,-0.0012
2006,Male,86,-0.0007
2006,Male,87,-0.001
2006,Male,88,-0.0013
2006,Male,89,-0.0024
2006,Male,90,-0.0009
2006,Male,91,-0.0017
2006,Male,92,0.0
2006,Male,93,-0.0026
2006,Male,94,-0.0022
2006,Male,95,-0.0008
2006,Male,96,-0.0034
2006,Male,97,0.0017
2006,Male,98,-0.0024
2006,Male,99,0.0
2006,Female,1,0.0141
2006,Female,2,0.0078
2006,Female,3,0.0049
2006,Female,4,0.006
2006,Female,5,0.0036
2006,Female,6,0.0056
2006,Female,7,0.0061
2006,Female,8,0.0052
2006,Female,9,0.0056
2006,Female,10,0.0051
2006,Female,11,0.0037
2006,Female,12,0.0052
2006,Female,13,0.0051
2006,Female,14,0.0055
2006,Female,15,0.0062
2006,Female,16,0.0073
2006,Female,17,0.0056
2006,Female,18,0.0104
2006,Female,19,0.0147
2006,Female,20,0.0188
2006,Female,21,0.0179
2006,Female,22,0.0178
2006,Female,23,0.0214
2006,Female,24,0.02
2006,Female,25,0.025
2006,Female,26,0.025
2006,Female,27,0.0244
2006,Female,28,0.027
2006,Female,29,0.0233
2006,Female,30,0.0207
2006,Female,31,0.0179
2006,Female,32,0.0131
2006,Female,33,0.0113
2006,Female,34,0.009
2006,Female,35,0.0089
2006,Female,36,0.0065
2006,Female,37,0.0059
2006,Female,38,0.0038
2006,Female,39,0.0037
2006,Female,40,0.0037
2006,Female,41,0.0034
2006,Female,42,0.0026
2006,Female,43,0.0021
2006,Female,44,0.002
2006,Female,45,0.0016
2006,Female,46,0.0017
2006,Female,47,0.0008
2006,Female,48,0.0005
2006,Female,49,0.0005
2006,Female,50,-0.0011
2006,Female,51,-0.0002
2006,Female,52,-0.0014
2006,Female,53,-0.0021
2006,Female,54,-0.002
2006,Female,55,-0.0028
2006,Female,56,-0.0031
2006,Female,57,-0.0037
2006,Female,58,-0.0035
2006,Female,59,-0.0028
2006,Female,60,-0.0027
2006,Female,61,-0.0025
2006,Female,62,-0.0031
2006,Female,63,-0.0022
2006,Female,64,-0.0038
2006,Female,65,-0.002
2006,Female,66,-0.0022
2006,Female,67,-0.0014
2006,Female,68,-0.0011
2006,Female,69,-0.0014
2006,Female,70,-0.0008
2006,Female,71,-0.0008
2006,Female,72,-0.0012
2006,Female,73,-0.0004
2006,Female,74,-0.0006
2006,Female,75,-0.0009
2006,Female,76,-0.0007
2006,Female,77,-0.0002
2006,Female,78,-0.0006
2006,Female,79,-0.001
2006,Female,80,-0.0002
2006,Female,81,-0.0005
2006,Female,82,-0.0006
2006,Female,83,-0.0003
2006,Female,84,-0.0008
2006,Female,85,-0.0005
2006,Female,86,-0.0013
2006,Female,87,-0.0007
2006,Female,88,-0.0008
2006,Female,89,-0.0015
2006,Female,90,-0.0013
2006,Female,91,-0.0014
2006,Female,92,-0.0015
2006,Female,93,-0.0008
2006,Female,94,-0.0011
2006,Female,95,-0.001
2006,Female,96,-0.001
2006,Female,97,-0.0009
2006,Female,98,-0.0006
2006,Female,99,0.0017
2007,Male,1,0.0129
2007,Male,2,0.0153
2007,Male,3,0.0122
2007,Male,4,0.011
2007,Male,5,0.0092
2007,Male,6,0.01
2007,Male,7,0.0108
2007,Male,8,0.0092
2007,Male,9,0.0099
2007,Male,10,0.0078
2007,Male,11,0.0087
2007,Male,12,0.0083
2007,Male,13,0.0087
2007,Male,14,0.0094
2007,Male,15,0.0084
2007,Male,16,0.0085
2007,Male,17,0.0088
2007,Male,18,0.0097
2007,Male,19,0.0136
2007,Male,20,0.0182
2007,Male,21,0.0205
2007,Male,22,0.0229
2007,Male,23,0.0301
2007,Male,24,0.0334
2007,Male,25,0.0394
2007,Male,26,0.0422
2007,Male,27,0.0492
2007,Male,28,0.0438
2007,Male,29,0.0411
2007,Male,30,0.0376
2007,Male,31,0.0376
2007,Male,32,0.0333
2007,Male,33,0.0294
2007,Male,34,0.0263
2007,Male,35,0.023
2007,Male,36,0.0202
2007,Male,37,0.0192
2007,Male,38,0.0168
2007,Male,39,0.0158
2007,Male,40,0.0137
2007,Male,41,0.0148
2007,Male,42,0.0115
2007,Male,43,0.0118
2007,Male,44,0.0096
2007,Male,45,0.0103
2007,Male,46,0.0103
2007,Male,47,0.0075
2007,Male,48,0.0059
2007,Male,49,0.005
2007,Male,50,0.0034
2007,Male,51,0.0038
2007,Male,52,0.0019
2007,Male,53,0.0018
2007,Male,54,-0.0006
2007,Male,55,-0.0009
2007,Male,56,-0.0011
2007,Male,57,-0.0016
2007,Male,58,-0.0028
2007,Male,59,-0.0027
2007,Male,60,-0.0054
2007,Male,61,-0.003
2007,Male,62,-0.0047
2007,Male,63,-0.004
2007,Male,64,-0.0028
2007,Male,65,-0.0073
2007,Male,66,-0.0037
2007,Male,67,-0.0026
2007,Male,68,-0.0018
2007,Male,69,-0.001
2007,Male,70,-0.0009
2007,Male,71,-0.0011
2007,Male,72,-0.0016
2007,Male,73,-0.0
2007,Male,74,-0.0005
2007,Male,75,-0.0012
2007,Male,76,-0.0012
2007,Male,77,-0.0002
2007,Male,78,-0.0006
2007,Male,79,-0.0013
2007,Male,80,-0.0016
2007,Male,81,-0.0008
2007,Male,82,-0.001
2007,Male,83,-0.0006
2007,Male,84,-0.0013
2007,Male,85,-0.0007
2007,Male,86,-0.0013
2007,Male,87,-0.0019
2007,Male,88,-0.001
2007,Male,89,0.0002
2007,Male,90,-0.0014
2007,Male,91,-0.0025
2007,Male,92,-0.0014
2007,Male,93,-0.0032
2007,Male,94,-0.0016
2007,Male,95,-0.0007
2007,Male,96,-0.0021
2007,Male,97,-0.0016
2007,Male,98,-0.0023
2007,Male,99,-0.0026
2007,Female,1,0.0119
2007,Female,2,0.0134
2007,Female,3,0.0106
2007,Female,4,0.0099
2007,Female,5,0.0086
2007,Female,6,0.0091
2007,Female,7,0.0098
2007,Female,8,0.0095
2007,Female,9,0.0089
2007,Female,10,0.0086
2007,Female,11,0.0077
2007,Female,12,0.0093
2007,Female,13,0.0069
2007,Female,14,0.0081
2007,Female,15,0.007
2007,Female,16,0.0087
2007,Female,17,0.0077
2007,Female,18,0.012
2007,Female,19,0.0196
2007,Female,20,0.0239
2007,Female,21,0.0234
2007,Female,22,0.0271
2007,Female,23,0.0323
2007,Female,24,0.0351
2007,Female,25,0.0371
2007,Female,26,0.0387
2007,Female,27,0.0406
2007,Female,28,0.038
2007,Female,29,0.0337
2007,Female,30,0.0312
2007,Female,31,0.0261
2007,Female,32,0.0261
2007,Female,33,0.0202
2007,Female,34,0.018
2007,Female,35,0.0135
2007,Female,36,0.013
2007,Female,37,0.0117
2007,Female,38,0.0111
2007,Female,39,0.0099
2007,Female,40,0.008
2007,Female,41,0.0079
2007,Female,42,0.0066
2007,Female,43,0.0078
2007,Female,44,0.0055
2007,Female,45,0.0039
2007,Female,46,0.0039
2007,Female,47,0.0039
2007,Female,48,0.003
2007,Female,49,0.0021
2007,Female,50,0.001
2007,Female,51,0.0001
2007,Female,52,-0.0012
2007,Female,53,-0.001
2007,Female,54,-0.0001
2007,Female,55,-0.0028
2007,Female,56,-0.0019
2007,Female,57,-0.0026
2007,Female,58,-0.0026
2007,Female,59,-0.003
2007,Female,60,-0.0025
2007,Female,61,-0.0017
2007,Female,62,-0.0029
2007,Female,63,-0.0022
2007,Female,64,-0.0033
2007,Female,65,-0.0024
2007,Female,66,-0.0011
2007,Female,67,-0.0009
2007,Female,68,-0.0009
2007,Female,69,-0.0005
2007,Female,70,-0.0003
2007,Female,71,-0.0009
2007,Female,72,-0.0004
2007,Female,73,-0.0006
2007,Female,74,-0.0002
2007,Female,75,-0.0006
2007,Female,76,-0.0004
2007,Female,77,-0.0002
2007,Female,78,-0.0007
2007,Female,79,-0.0004
2007,Female,80,-0.0008
2007,Female,81,-0.0006
2007,Female,82,-0.0004
2007,Female,83,-0.0003
2007,Female,84,-0.0005
2007,Female,85,-0.0002
2007,Female,86,-0.0004
2007,Female,87,-0.0005
2007,Female,88,-0.0012
2007,Female,89,-0.0011
2007,Female,90,-0.0014
2007,Female,91,-0.0011
2007,Female,92,-0.0011
2007,Female,93,-0.0013
2007,Female,94,-0.0006
2007,Female,95,-0.0009
2007,Female,96,-0.0003
2007,Female,97,-0.0012
2007,Female,98,-0.0036
2007,Female,99,-0.002
2008,Male,1,0.0211
2008,Male,2,0.018
2008,Male,3,0.0141
2008,Male,4,0.0142
2008,Male,5,0.012
2008,Male,6,0.0124
2008,Male,7,0.0135
2008,Male,8,0.0129
2008,Male,9,0.0114
2008,Male,10,0.0116
2008,Male,11,0.0112
2008,Male,12,0.0106
2008,Male,13,0.0108
2008,Male,14,0.0122
2008,Male,15,0.0111
2008,Male,16,0.0107
2008,Male,17,0.0088
2008,Male,18,0.0118
2008,Male,19,0.0153
2008,Male,20,0.0208
2008,Male,21,0.0239
2008,Male,22,0.0269
2008,Male,23,0.0374
2008,Male,24,0.0413
2008,Male,25,0.0438
2008,Male,26,0.047
2008,Male,27,0.0517
2008,Male,28,0.0508
2008,Male,29,0.0484
2008,Male,30,0.0449
2008,Male,31,0.0389
2008,Male,32,0.0372
2008,Male,33,0.0336
2008,Male,34,0.0306
2008,Male,35,0.026
2008,Male,36,0.0251
2008,Male,37,0.0225
2008,Male,38,0.0216
2008,Male,39,0.0205
2008,Male,40,0.0182
2008,Male,41,0.0166
2008,Male,42,0.0155
2008,Male,43,0.0158
2008,Male,44,0.0131
2008,Male,45,0.0113
2008,Male,46,0.0121
2008,Male,47,0.0104
2008,Male,48,0.0101
2008,Male,49,0.008
2008,Male,50,0.007
2008,Male,51,0.008
2008,Male,52,0.0053
2008,Male,53,0.0048
2008,Male,54,0.0044
2008,Male,55,0.0036
2008,Male,56,0.002
2008,Male,57,0.0018
2008,Male,58,0.0006
2008,Male,59,0.0002
2008,Male,60,-0.0021
2008,Male,61,-0.0008
2008,Male,62,-0.0021
2008,Male,63,-0.0022
2008,Male,64,-0.0021
2008,Male,65,-0.006
2008,Male,66,-0.003
2008,Male,67,-0.0025
2008,Male,68,-0.0022
2008,Male,69,-0.0019
2008,Male,70,-0.0014
2008,Male,71,-0.002
2008,Male,72,-0.0007
2008,Male,73,-0.0007
2008,Male,74,-0.0008
2008,Male,75,-0.0013
2008,Male,76,-0.0011
2008,Male,77,-0.0017
2008,Male,78,-0.0002
2008,Male,79,-0.0008
2008,Male,80,-0.0006
2008,Male,81,-0.0005
2008,Male,82,-0.0006
2008,Male,83,-0.0006
2008,Male,84,-0.0005
2008,Male,85,-0.0007
2008,Male,86,-0.0005
2008,Male,87,-0.0017
2008,Male,88,-0.0015
2008,Male,89,-0.0013
2008,Male,90,-0.0014
2008,Male,91,-0.0011
2008,Male,92,-0.0024
2008,Male,93,-0.0018
2008,Male,94,-0.0051
2008,Male,95,-0.0014
2008,Male,96,-0.0057
2008,Male,97,-0.0071
2008,Male,98,-0.0021
2008,Male,99,-0.0078
2008,Female,1,0.0218
2008,Female,2,0.0178
2008,Female,3,0.0136
2008,Female,4,0.0135
2008,Female,5,0.0134
2008,Female,6,0.0117
2008,Female,7,0.0126
2008,Female,8,0.0124
2008,Female,9,0.013
2008,Female,10,0.0114
2008,Female,11,0.0105
2008,Female,12,0.0103
2008,Female,13,0.0115
2008,Female,14,0.0086
2008,Female,15,0.0088
2008,Female,16,0.0101
2008,Female,17,0.0089
2008,Female,18,0.0151
2008,Female,19,0.0216
2008,Female,20,0.0281
2008,Female,21,0.0258
2008,Female,22,0.0305
2008,Female,23,0.0366
2008,Female,24,0.0411
2008,Female,25,0.0422
2008,Female,26,0.0466
2008,Female,27,0.0496
2008,Female,28,0.0422
2008,Female,29,0.0388
2008,Female,30,0.0344
2008,Female,31,0.0329
2008,Female,32,0.0299
2008,Female,33,0.0258
2008,Female,34,0.0216
2008,Female,35,0.0203
2008,Female,36,0.0179
2008,Female,37,0.016
2008,Female,38,0.0151
2008,Female,39,0.0112
2008,Female,40,0.0118
2008,Female,41,0.0119
2008,Female,42,0.0095
2008,Female,43,0.0085
2008,Female,44,0.0086
2008,Female,45,0.0081
2008,Female,46,0.0072
2008,Female,47,0.0075
2008,Female,48,0.0071
2008,Female,49,0.0051
2008,Female,50,0.0042
2008,Female,51,0.0036
2008,Female,52,0.0033
2008,Female,53,0.0031
2008,Female,54,0.0018
2008,Female,55,0.0003
2008,Female,56,0.0015
2008,Female,57,-0.0004
2008,Female,58,-0.0004
2008,Female,59,-0.0011
2008,Female,60,-0.0013
2008,Female,61,-0.001
2008,Female,62,-0.0015
2008,Female,63,-0.0011
2008,Female,64,-0.0022
2008,Female,65,-0.0012
2008,Female,66,-0.0009
2008,Female,67,-0.0004
2008,Female,68,-0.0007
2008,Female,69,-0.0001
2008,Female,70,-0.0012
2008,Female,71,-0.0003
2008,Female,72,-0.0005
2008,Female,73,-0.0008
2008,Female,74,0.0003
2008,Female,75,-0.0005
2008,Female,76,0.0
2008,Female,77,-0.0007
2008,Female,78,-0.0001
2008,Female,79,-0.0006
2008,Female,80,0.0002
2008,Female,81,0.0
2008,Female,82,-0.0001
2008,Female,83,-0.0006
2008,Female,84,-0.0005
2008,Female,85,-0.0001
2008,Female,86,-0.0004
2008,Female,87,-0.0011
2008,Female,88,-0.0004
2008,Female,89,-0.0007
2008,Female,90,-0.002
2008,Female,91,-0.0005
2008,Female,92,-0.0011
2008,Female,93,-0.0026
2008,Female,94,-0.0024
2008,Female,95,-0.0014
2008,Female,96,-0.0024
2008,Female,97,-0.0016
2008,Female,98,-0.0022
2008,Female,99,-0.0005
2009,Male,1,0.019
2009,Male,2,0.0157
2009,Male,3,0.0101
2009,Male,4,0.0114
2009,Male,5,0.0103
2009,Male,6,0.0106
2009,Male,7,0.0092
2009,Male,8,0.0093
2009,Male,9,0.0106
2009,Male,10,0.0084
2009,Male,11,0.0106
2009,Male,12,0.0091
2009,Male,13,0.0091
2009,Male,14,0.0089
2009,Male,15,0.0092
2009,Male,16,0.008
2009,Male,17,0.0078
2009,Male,18,0.0095
2009,Male,19,0.0118
2009,Male,20,0.0163
2009,Male,21,0.0159
2009,Male,22,0.0202
2009,Male,23,0.0254
2009,Male,24,0.0296
2009,Male,25,0.0327
2009,Male,26,0.0364
2009,Male,27,0.0364
2009,Male,28,0.035
2009,Male,29,0.0345
2009,Male,30,0.0312
2009,Male,31,0.0277
2009,Male,32,0.0275
2009,Male,33,0.0233
2009,Male,34,0.021
2009,Male,35,0.0196
2009,Male,36,0.0161
2009,Male,37,0.0161
2009,Male,38,0.014
2009,Male,39,0.0126
2009,Male,40,0.0115
2009,Male,41,0.0104
2009,Male,42,0.0092
2009,Male,43,0.0097
2009,Male,44,0.0081
2009,Male,45,0.0084
2009,Male,46,0.0082
2009,Male,47,0.0067
2009,Male,48,0.0063
2009,Male,49,0.005
2009,Male,50,0.0049
2009,Male,51,0.0037
2009,Male,52,0.0029
2009,Male,53,0.003
2009,Male,54,0.0026
2009,Male,55,0.0016
2009,Male,56,0.0018
2009,Male,57,0.0007
2009,Male,58,0.001
2009,Male,59,-0.0004
2009,Male,60,-0.0031
2009,Male,61,-0.0025
2009,Male,62,-0.002
2009,Male,63,-0.0029
2009,Male,64,-0.0028
2009,Male,65,-0.0063
2009,Male,66,-0.0042
2009,Male,67,-0.0025
2009,Male,68,-0.001
2009,Male,69,-0.0016
2009,Male,70,-0.0016
2009,Male,71,-0.0017
2009,Male,72,-0.0014
2009,Male,73,-0.0013
2009,Male,74,-0.0002
2009,Male,75,-0.0006
2009,Male,76,-0.0012
2009,Male,77,-0.001
2009,Male,78,0.0
2009,Male,79,-0.0008
2009,Male,80,-0.001
2009,Male,81,-0.0004
2009,Male,82,-0.0006
2009,Male,83,-0.0011
2009,Male,84,-0.0006
2009,Male,85,-0.0012
2009,Male,86,-0.0016
2009,Male,87,-0.0018
2009,Male,88,-0.0009
2009,Male,89,0.0
2009,Male,90,-0.0007
2009,Male,91,-0.0022
2009,Male,92,-0.0024
2009,Male,93,-0.0026
2009,Male,94,-0.0023
2009,Male,95,-0.0013
2009,Male,96,-0.0028
2009,Male,97,0.0013
2009,Male,98,-0.0019
2009,Male,99,0.0
2009,Female,1,0.019
2009,Female,2,0.0144
2009,Female,3,0.0112
2009,Female,4,0.009
2009,Female,5,0.009
2009,Female,6,0.01
2009,Female,7,0.0094
2009,Female,8,0.0092
2009,Female,9,0.0092
2009,Female,10,0.0097
2009,Female,11,0.0081
2009,Female,12,0.0086
2009,Female,13,0.0073
2009,Female,14,0.0076
2009,Female,15,0.007
2009,Female,16,0.008
2009,Female,17,0.0072
2009,Female,18,0.0135
2009,Female,19,0.0203
2009,Female,20,0.0233
2009,Female,21,0.0216
2009,Female,22,0.0244
2009,Female,23,0.0316
2009,Female,24,0.0333
2009,Female,25,0.0372
2009,Female,26,0.0402
2009,Female,27,0.0383
2009,Female,28,0.0374
2009,Female,29,0.0327
2009,Female,30,0.0295
2009,Female,31,0.0261
2009,Female,32,0.0238
2009,Female,33,0.0208
2009,Female,34,0.0187
2009,Female,35,0.0171
2009,Female,36,0.013
2009,Female,37,0.0114
2009,Female,38,0.0109
2009,Female,39,0.0108
2009,Female,40,0.0094
2009,Female,41,0.0082
2009,Female,42,0.008
2009,Female,43,0.0072
2009,Female,44,0.0068
2009,Female,45,0.0071
2009,Female,46,0.006
2009,Female,47,0.0051
2009,Female,48,0.0049
2009,Female,49,0.0039
2009,Female,50,0.0034
2009,Female,51,0.0025
2009,Female,52,0.0023
2009,Female,53,0.0024
2009,Female,54,0.0016
2009,Female,55,0.0003
2009,Female,56,0.0005
2009,Female,57,-0.0001
2009,Female,58,-0.0009
2009,Female,59,-0.0011
2009,Female,60,-0.0014
2009,Female,61,-0.0012
2009,Female,62,-0.0021
2009,Female,63,-0.0013
2009,Female,64,-0.0023
2009,Female,65,-0.0016
2009,Female,66,-0.001
2009,Female,67,-0.0017
2009,Female,68,-0.0011
2009,Female,69,-0.0002
2009,Female,70,-0.0003
2009,Female,71,-0.0004
2009,Female,72,0.0003
2009,Female,73,-0.0007
2009,Female,74,-0.0003
2009,Female,75,-0.0004
2009,Female,76,-0.0004
2009,Female,77,-0.0006
2009,Female,78,-0.0001
2009,Female,79,-0.0006
2009,Female,80,-0.0004
2009,Female,81,-0.0003
2009,Female,82,0.0
2009,Female,83,-0.0002
2009,Female,84,-0.0012
2009,Female,85,-0.0009
2009,Female,86,-0.0009
2009,Female,87,-0.0013
2009,Female,88,-0.0009
2009,Female,89,-0.0017
2009,Female,90,-0.0009
2009,Female,91,-0.0009
2009,Female,92,-0.0011
2009,Female,93,-0.001
2009,Female,94,-0.0028
2009,Female,95,-0.0011
2009,Female,96,-0.0012
2009,Female,97,-0.0023
2009,Female,98,-0.0005
2009,Female,99,-0.0009
2010,Male,1,0.0208
2010,Male,2,0.0143
2010,Male,3,0.0114
2010,Male,4,0.0092
2010,Male,5,0.011
2010,Male,6,0.009
2010,Male,7,0.0093
2010,Male,8,0.0098
2010,Male,9,0.0085
2010,Male,10,0.0091
2010,Male,11,0.0083
2010,Male,12,0.009
2010,Male,13,0.0079
2010,Male,14,0.0081
2010,Male,15,0.0075
2010,Male,16,0.008
2010,Male,17,0.0075
2010,Male,18,0.0113
2010,Male,19,0.0151
2010,Male,20,0.0174
2010,Male,21,0.0144
2010,Male,22,0.015
2010,Male,23,0.0202
2010,Male,24,0.0269
2010,Male,25,0.0288
2010,Male,26,0.0287
2010,Male,27,0.0321
2010,Male,28,0.0311
2010,Male,29,0.0284
2010,Male,30,0.0289
2010,Male,31,0.0229
2010,Male,32,0.021
2010,Male,33,0.0202
2010,Male,34,0.0189
2010,Male,35,0.0155
2010,Male,36,0.016
2010,Male,37,0.0128
2010,Male,38,0.0124
2010,Male,39,0.0104
2010,Male,40,0.011
2010,Male,41,0.0092
2010,Male,42,0.0101
2010,Male,43,0.0079
2010,Male,44,0.0069
2010,Male,45,0.0061
2010,Male,46,0.0065
2010,Male,47,0.0052
2010,Male,48,0.0056
2010,Male,49,0.0049
2010,Male,50,0.005
2010,Male,51,0.0036
2010,Male,52,0.0033
2010,Male,53,0.0019
2010,Male,54,0.0026
2010,Male,55,0.0005
2010,Male,56,0.0005
2010,Male,57,0.0005
2010,Male,58,-0.0011
2010,Male,59,-0.0011
2010,Male,60,-0.0043
2010,Male,61,-0.0029
2010,Male,62,-0.0041
2010,Male,63,-0.0043
2010,Male,64,-0.0033
2010,Male,65,-0.0063
2010,Male,66,-0.004
2010,Male,67,-0.0028
2010,Male,68,-0.0018
2010,Male,69,-0.0023
2010,Male,70,-0.0021
2010,Male,71,-0.0016
2010,Male,72,-0.002
2010,Male,73,-0.0021
2010,Male,74,-0.0003
2010,Male,75,-0.0007
2010,Male,76,-0.0012
2010,Male,77,-0.0012
2010,Male,78,-0.0014
2010,Male,79,-0.001
2010,Male,80,-0.0015
2010,Male,81,-0.0011
2010,Male,82,-0.0003
2010,Male,83,-0.001
2010,Male,84,-0.0011
2010,Male,85,-0.0011
2010,Male,86,-0.0004
2010,Male,87,-0.0005
2010,Male,88,-0.0003
2010,Male,89,-0.0015
2010,Male,90,-0.002
2010,Male,91,-0.0013
2010,Male,92,-0.0027
2010,Male,93,-0.0013
2010,Male,94,-0.0016
2010,Male,95,-0.0037
2010,Male,96,0.0
2010,Male,97,-0.0025
2010,Male,98,0.0
2010,Male,99,0.0008
2010,Female,1,0.0199
2010,Female,2,0.0116
2010,Female,3,0.0094
2010,Female,4,0.0083
2010,Female,5,0.0093
2010,Female,6,0.01
2010,Female,7,0.0084
2010,Female,8,0.0078
2010,Female,9,0.0068
2010,Female,10,0.0084
2010,Female,11,0.009
2010,Female,12,0.0076
2010,Female,13,0.0082
2010,Female,14,0.007
2010,Female,15,0.008
2010,Female,16,0.0083
2010,Female,17,0.0069
2010,Female,18,0.0129
2010,Female,19,0.0212
2010,Female,20,0.0202
2010,Female,21,0.019
2010,Female,22,0.0201
2010,Female,23,0.0285
2010,Female,24,0.0273
2010,Female,25,0.0324
2010,Female,26,0.0342
2010,Female,27,0.0324
2010,Female,28,0.0305
2010,Female,29,0.0272
2010,Female,30,0.0237
2010,Female,31,0.0241
2010,Female,32,0.0215
2010,Female,33,0.0172
2010,Female,34,0.0162
2010,Female,35,0.0138
2010,Female,36,0.0129
2010,Female,37,0.0106
2010,Female,38,0.0107
2010,Female,39,0.0076
2010,Female,40,0.0089
2010,Female,41,0.0066
2010,Female,42,0.0067
2010,Female,43,0.0058
2010,Female,44,0.0056
2010,Female,45,0.0047
2010,Female,46,0.0047
2010,Female,47,0.0046
2010,Female,48,0.0041
2010,Female,49,0.0029
2010,Female,50,0.0024
2010,Female,51,0.0017
2010,Female,52,0.0028
2010,Female,53,0.001
2010,Female,54,0.001
2010,Female,55,0.0002
2010,Female,56,0.0003
2010,Female,57,-0.0003
2010,Female,58,-0.0016
2010,Female,59,-0.0027
2010,Female,60,-0.002
2010,Female,61,-0.0013
2010,Female,62,-0.0022
2010,Female,63,-0.0022
2010,Female,64,-0.0029
2010,Female,65,-0.0026
2010,Female,66,-0.0013
2010,Female,67,-0.0013
2010,Female,68,-0.0009
2010,Female,69,-0.0013
2010,Female,70,-0.0012
2010,Female,71,-0.0006
2010,Female,72,-0.0011
2010,Female,73,-0.0006
2010,Female,74,-0.0009
2010,Female,75,-0.0009
2010,Female,76,-0.0012
2010,Female,77,-0.0005
2010,Female,78,-0.0008
2010,Female,79,-0.0002
2010,Female,80,-0.0001
2010,Female,81,-0.0006
2010,Female,82,-0.0002
2010,Female,83,-0.0003
2010,Female,84,-0.0006
2010,Female,85,-0.0006
2010,Female,86,-0.0003
2010,Female,87,-0.0007
2010,Female,88,-0.0011
2010,Female,89,-0.001
2010,Female,90,-0.0014
2010,Female,91,-0.002
2010,Female,92,-0.0014
2010,Female,93,-0.0021
2010,Female,94,-0.0004
2010,Female,95,0.0
2010,Female,96,-0.002
2010,Female,97,-0.0019
2010,Female,98,-0.0031
2010,Female,99,-0.0021
2011,Male,1,0.0214
2011,Male,2,0.0073
2011,Male,3,0.0081
2011,Male,4,0.0063
2011,Male,5,0.0082
2011,Male,6,0.0081
2011,Male,7,0.0075
2011,Male,8,0.0075
2011,Male,9,0.0065
2011,Male,10,0.0072
2011,Male,11,0.0081
2011,Male,12,0.0076
2011,Male,13,0.0065
2011,Male,14,0.0093
2011,Male,15,0.0067
2011,Male,16,0.0068
2011,Male,17,0.0071
2011,Male,18,0.0143
2011,Male,19,0.0176
2011,Male,20,0.0161
2011,Male,21,0.0157
2011,Male,22,0.0173
2011,Male,23,0.0257
2011,Male,24,0.0296
2011,Male,25,0.0314
2011,Male,26,0.0327
2011,Male,27,0.0333
2011,Male,28,0.0296
2011,Male,29,0.0281
2011,Male,30,0.0253
2011,Male,31,0.022
2011,Male,32,0.0224
2011,Male,33,0.0222
2011,Male,34,0.0188
2011,Male,35,0.0175
2011,Male,36,0.0192
2011,Male,37,0.0166
2011,Male,38,0.0141
2011,Male,39,0.0123
2011,Male,40,0.0129
2011,Male,41,0.0125
2011,Male,42,0.0112
2011,Male,43,0.0093
2011,Male,44,0.0092
2011,Male,45,0.0079
2011,Male,46,0.0072
2011,Male,47,0.0064
2011,Male,48,0.0063
2011,Male,49,0.0048
2011,Male,50,0.0051
2011,Male,51,0.0041
2011,Male,52,0.0044
2011,Male,53,0.0026
2011,Male,54,0.0023
2011,Male,55,0.0008
2011,Male,56,0.0009
2011,Male,57,0.0003
2011,Male,58,0.0002
2011,Male,59,-0.002
2011,Male,60,-0.0058
2011,Male,61,-0.0043
2011,Male,62,-0.0037
2011,Male,63,-0.0036
2011,Male,64,-0.0042
2011,Male,65,-0.0082
2011,Male,66,-0.0053
2011,Male,67,-0.0029
2011,Male,68,-0.0015
2011,Male,69,-0.001
2011,Male,70,-0.0009
2011,Male,71,-0.0003
2011,Male,72,-0.001
2011,Male,73,-0.0002
2011,Male,74,-0.0006
2011,Male,75,-0.0002
2011,Male,76,-0.0002
2011,Male,77,-0.0003
2011,Male,78,0.0006
2011,Male,79,-0.0005
2011,Male,80,0.0002
2011,Male,81,0.0002
2011,Male,82,-0.0004
2011,Male,83,0.0006
2011,Male,84,-0.0003
2011,Male,85,-0.0002
2011,Male,86,0.0
2011,Male,87,-0.0004
2011,Male,88,0.0004
2011,Male,89,-0.0008
2011,Male,90,0.0002
2011,Male,91,0.0009
2011,Male,92,-0.0013
2011,Male,93,-0.0005
2011,Male,94,0.0006
2011,Male,95,0.0008
2011,Male,96,0.0
2011,Male,97,0.0
2011,Male,98,0.0
2011,Male,99,-0.0015
2011,Female,1,0.0231
2011,Female,2,0.0096
2011,Female,3,0.008
2011,Female,4,0.0071
2011,Female,5,0.0073
2011,Female,6,0.0078
2011,Female,7,0.0062
2011,Female,8,0.0089
2011,Female,9,0.0081
2011,Female,10,0.0075
2011,Female,11,0.0088
2011,Female,12,0.007
2011,Female,13,0.0066
2011,Female,14,0.0075
2011,Female,15,0.0068
2011,Female,16,0.0075
2011,Female,17,0.006
2011,Female,18,0.016
2011,Female,19,0.0197
2011,Female,20,0.0222
2011,Female,21,0.0192
2011,Female,22,0.0211
2011,Female,23,0.0257
2011,Female,24,0.0298
2011,Female,25,0.0315
2011,Female,26,0.035
2011,Female,27,0.0353
2011,Female,28,0.0318
2011,Female,29,0.0278
2011,Female,30,0.0261
2011,Female,31,0.0224
2011,Female,32,0.0208
2011,Female,33,0.0193
2011,Female,34,0.0181
2011,Female,35,0.017
2011,Female,36,0.0139
2011,Female,37,0.0143
2011,Female,38,0.0115
2011,Female,39,0.0097
2011,Female,40,0.0092
2011,Female,41,0.0089
2011,Female,42,0.0064
2011,Female,43,0.0063
2011,Female,44,0.0056
2011,Female,45,0.0056
2011,Female,46,0.0044
2011,Female,47,0.0044
2011,Female,48,0.0042
2011,Female,49,0.0037
2011,Female,50,0.0027
2011,Female,51,0.0028
2011,Female,52,0.0018
2011,Female,53,0.0016
2011,Female,54,0.0004
2011,Female,55,-0.0001
2011,Female,56,-0.0004
2011,Female,57,-0.0004
2011,Female,58,-0.0019
2011,Female,59,-0.0013
2011,Female,60,-0.0019
2011,Female,61,-0.0018
2011,Female,62,-0.0021
2011,Female,63,-0.0024
2011,Female,64,-0.0028
2011,Female,65,-0.0029
2011,Female,66,-0.0011
2011,Female,67,-0.0006
2011,Female,68,-0.0005
2011,Female,69,0.0002
2011,Female,70,-0.0002
2011,Female,71,-0.0003
2011,Female,72,0.0007
2011,Female,73,-0.0005
2011,Female,74,0.0006
2011,Female,75,0.0002
2011,Female,76,0.0004
2011,Female,77,-0.0003
2011,Female,78,-0.0001
2011,Female,79,-0.0005
2011,Female,80,0.0
2011,Female,81,-0.0001
2011,Female,82,-0.0002
2011,Female,83,-0.0003
2011,Female,84,-0.0004
2011,Female,85,-0.0008
2011,Female,86,-0.0005
2011,Female,87,-0.0004
2011,Female,88,-0.0014
2011,Female,89,-0.0002
2011,Female,90,-0.0002
2011,Female,91,-0.001
2011,Female,92,-0.0007
2011,Female,93,-0.0005
2011,Female,94,0.0
2011,Female,95,0.0005
2011,Female,96,0.0
2011,Female,97,-0.0004
2011,Female,98,-0.0018
2011,Female,99,-0.0013
2012,Male,1,0.0231
2012,Male,2,0.0087
2012,Male,3,0.0061
2012,Male,4,0.0087
2012,Male,5,0.0092
2012,Male,6,0.0076
2012,Male,7,0.0068
2012,Male,8,0.0074
2012,Male,9,0.0071
2012,Male,10,0.0074
2012,Male,11,0.0086
2012,Male,12,0.0076
2012,Male,13,0.0076
2012,Male,14,0.0075
2012,Male,15,0.0076
2012,Male,16,0.0087
2012,Male,17,0.0083
2012,Male,18,0.0152
2012,Male,19,0.0188
2012,Male,20,0.0153
2012,Male,21,0.017
2012,Male,22,0.0201
2012,Male,23,0.0249
2012,Male,24,0.0324
2012,Male,25,0.0325
2012,Male,26,0.0329
2012,Male,27,0.0331
2012,Male,28,0.0303
2012,Male,29,0.0289
2012,Male,30,0.027
2012,Male,31,0.0233
2012,Male,32,0.0231
2012,Male,33,0.021
2012,Male,34,0.0207
2012,Male,35,0.0185
2012,Male,36,0.0191
2012,Male,37,0.017
2012,Male,38,0.0154
2012,Male,39,0.0152
2012,Male,40,0.0129
2012,Male,41,0.0131
2012,Male,42,0.0119
2012,Male,43,0.0109
2012,Male,44,0.0102
2012,Male,45,0.0092
2012,Male,46,0.0079
2012,Male,47,0.0063
2012,Male,48,0.0069
2012,Male,49,0.0059
2012,Male,50,0.0062
2012,Male,51,0.0038
2012,Male,52,0.0035
2012,Male,53,0.0034
2012,Male,54,0.0032
2012,Male,55,0.002
2012,Male,56,0.0002
2012,Male,57,0.001
2012,Male,58,-0.001
2012,Male,59,-0.001
2012,Male,60,-0.0052
2012,Male,61,-0.0032
2012,Male,62,-0.0032
2012,Male,63,-0.0048
2012,Male,64,-0.0035
2012,Male,65,-0.0094
2012,Male,66,-0.0045
2012,Male,67,-0.0025
2012,Male,68,-0.001
2012,Male,69,-0.0014
2012,Male,70,-0.0005
2012,Male,71,-0.0007
2012,Male,72,-0.0006
2012,Male,73,-0.0004
2012,Male,74,-0.0001
2012,Male,75,0.0003
2012,Male,76,0.0002
2012,Male,77,0.0006
2012,Male,78,0.0
2012,Male,79,0.0001
2012,Male,80,-0.0004
2012,Male,81,-0.0003
2012,Male,82,-0.0005
2012,Male,83,0.0003
2012,Male,84,0.0007
2012,Male,85,-0.0002
2012,Male,86,-0.0003
2012,Male,87,0.0
2012,Male,88,0.0002
2012,Male,89,-0.0004
2012,Male,90,-0.0016
2012,Male,91,-0.0006
2012,Male,92,-0.0013
2012,Male,93,0.0
2012,Male,94,-0.0006
2012,Male,95,-0.0039
2012,Male,96,-0.0033
2012,Male,97,-0.0016
2012,Male,98,0.0
2012,Male,99,-0.0041
2012,Female,1,0.0249
2012,Female,2,0.0095
2012,Female,3,0.0089
2012,Female,4,0.007
2012,Female,5,0.008
2012,Female,6,0.0098
2012,Female,7,0.0078
2012,Female,8,0.008
2012,Female,9,0.0083
2012,Female,10,0.0074
2012,Female,11,0.0083
2012,Female,12,0.0062
2012,Female,13,0.007
2012,Female,14,0.0083
2012,Female,15,0.0077
2012,Female,16,0.0072
2012,Female,17,0.0065
2012,Female,18,0.0178
2012,Female,19,0.0214
2012,Female,20,0.0197
2012,Female,21,0.0193
2012,Female,22,0.0214
2012,Female,23,0.0272
2012,Female,24,0.031
2012,Female,25,0.03
2012,Female,26,0.037
2012,Female,27,0.0336
2012,Female,28,0.0306
2012,Female,29,0.0271
2012,Female,30,0.0242
2012,Female,31,0.0239
2012,Female,32,0.0183
2012,Female,33,0.0174
2012,Female,34,0.018
2012,Female,35,0.0154
2012,Female,36,0.0144
2012,Female,37,0.0134
2012,Female,38,0.0112
2012,Female,39,0.0103
2012,Female,40,0.0086
2012,Female,41,0.0082
2012,Female,42,0.0075
2012,Female,43,0.0078
2012,Female,44,0.0064
2012,Female,45,0.0062
2012,Female,46,0.005
2012,Female,47,0.0053
2012,Female,48,0.0042
2012,Female,49,0.0034
2012,Female,50,0.0026
2012,Female,51,0.0023
2012,Female,52,0.0021
2012,Female,53,0.0018
2012,Female,54,0.0014
2012,Female,55,0.0014
2012,Female,56,0.0003
2012,Female,57,-0.0002
2012,Female,58,-0.0013
2012,Female,59,-0.0005
2012,Female,60,-0.0023
2012,Female,61,-0.0014
2012,Female,62,-0.0023
2012,Female,63,-0.0023
2012,Female,64,-0.0038
2012,Female,65,-0.0024
2012,Female,66,-0.0017
2012,Female,67,-0.0012
2012,Female,68,-0.0002
2012,Female,69,-0.0003
2012,Female,70,-0.0002
2012,Female,71,-0.0001
2012,Female,72,0.0006
2012,Female,73,-0.0001
2012,Female,74,0.0003
2012,Female,75,-0.0001
2012,Female,76,0.0007
2012,Female,77,-0.0003
2012,Female,78,0.0
2012,Female,79,-0.0001
2012,Female,80,0.0002
2012,Female,81,0.0006
2012,Female,82,0.0002
2012,Female,83,-0.0006
2012,Female,84,-0.0
2012,Female,85,-0.0002
2012,Female,86,-0.0009
2012,Female,87,-0.0011
2012,Female,88,-0.0012
2012,Female,89,0.0001
2012,Female,90,-0.001
2012,Female,91,-0.0008
2012,Female,92,-0.0015
2012,Female,93,-0.0021
2012,Female,94,0.0004
2012,Female,95,-0.001
2012,Female,96,0.0003
2012,Female,97,-0.0014
2012,Female,98,-0.0029
2012,Female,99,-0.0019
2013,Male,1,0.0266
2013,Male,2,0.0102
2013,Male,3,0.0087
2013,Male,4,0.0102
2013,Male,5,0.0134
2013,Male,6,0.0108
2013,Male,7,0.0115
2013,Male,8,0.0105
2013,Male,9,0.0102
2013,Male,10,0.0095
2013,Male,11,0.0101
2013,Male,12,0.0097
2013,Male,13,0.0105
2013,Male,14,0.0099
2013,Male,15,0.0096
2013,Male,16,0.0107
2013,Male,17,0.0112
2013,Male,18,0.0217
2013,Male,19,0.0243
2013,Male,20,0.019
2013,Male,21,0.0178
2013,Male,22,0.0198
2013,Male,23,0.0274
2013,Male,24,0.0315
2013,Male,25,0.0338
2013,Male,26,0.037
2013,Male,27,0.0349
2013,Male,28,0.0318
2013,Male,29,0.03
2013,Male,30,0.0288
2013,Male,31,0.026
2013,Male,32,0.0239
2013,Male,33,0.023
2013,Male,34,0.0205
2013,Male,35,0.0193
2013,Male,36,0.0208
2013,Male,37,0.0192
2013,Male,38,0.016
2013,Male,39,0.0161
2013,Male,40,0.0158
2013,Male,41,0.0166
2013,Male,42,0.0139
2013,Male,43,0.0138
2013,Male,44,0.0124
2013,Male,45,0.0098
2013,Male,46,0.0115
2013,Male,47,0.0088
2013,Male,48,0.0075
2013,Male,49,0.0073
2013,Male,50,0.0061
2013,Male,51,0.0061
2013,Male,52,0.0063
2013,Male,53,0.0046
2013,Male,54,0.003
2013,Male,55,0.0031
2013,Male,56,0.0033
2013,Male,57,0.001
2013,Male,58,-0.0002
2013,Male,59,0.0002
2013,Male,60,-0.0043
2013,Male,61,-0.0026
2013,Male,62,-0.0034
2013,Male,63,-0.0046
2013,Male,64,-0.0035
2013,Male,65,-0.009
2013,Male,66,-0.0049
2013,Male,67,-0.0014
2013,Male,68,-0.0011
2013,Male,69,-0.0009
2013,Male,70,-0.0002
2013,Male,71,-0.0004
2013,Male,72,-0.0002
2013,Male,73,-0.0003
2013,Male,74,-0.0003
2013,Male,75,0.0001
2013,Male,76,0.0004
2013,Male,77,0.0009
2013,Male,78,0.0011
2013,Male,79,-0.0001
2013,Male,80,0.0007
2013,Male,81,0.0014
2013,Male,82,0.0017
2013,Male,83,0.0006
2013,Male,84,-0.0006
2013,Male,85,0.0009
2013,Male,86,0.0003
2013,Male,87,0.0008
2013,Male,88,0.0009
2013,Male,89,0.0007
2013,Male,90,-0.0009
2013,Male,91,0.0025
2013,Male,92,-0.001
2013,Male,93,0.0003
2013,Male,94,0.0
2013,Male,95,0.0008
2013,Male,96,0.0011
2013,Male,97,-0.0016
2013,Male,98,-0.0024
2013,Male,99,-0.0013
2013,Female,1,0.0268
2013,Female,2,0.0123
2013,Female,3,0.0087
2013,Female,4,0.0111
2013,Female,5,0.0116
2013,Female,6,0.0098
2013,Female,7,0.0103
2013,Female,8,0.0116
2013,Female,9,0.0112
2013,Female,10,0.0117
2013,Female,11,0.0121
2013,Female,12,0.0105
2013,Female,13,0.011
2013,Female,14,0.0093
2013,Female,15,0.0091
2013,Female,16,0.0097
2013,Female,17,0.0097
2013,Female,18,0.023
2013,Female,19,0.0238
2013,Female,20,0.024
2013,Female,21,0.0222
2013,Female,22,0.024
2013,Female,23,0.0299
2013,Female,24,0.036
2013,Female,25,0.0373
2013,Female,26,0.0384
2013,Female,27,0.0381
2013,Female,28,0.0356
2013,Female,29,0.0314
2013,Female,30,0.0272
2013,Female,31,0.0254
2013,Female,32,0.0227
2013,Female,33,0.0205
2013,Female,34,0.0176
2013,Female,35,0.0181
2013,Female,36,0.0179
2013,Female,37,0.0166
2013,Female,38,0.0145
2013,Female,39,0.0131
2013,Female,40,0.0125
2013,Female,41,0.0106
2013,Female,42,0.0103
2013,Female,43,0.0094
2013,Female,44,0.0072
2013,Female,45,0.0075
2013,Female,46,0.0066
2013,Female,47,0.0062
2013,Female,48,0.0058
2013,Female,49,0.0046
2013,Female,50,0.0048
2013,Female,51,0.004
2013,Female,52,0.0044
2013,Female,53,0.0038
2013,Female,54,0.0017
2013,Female,55,0.0009
2013,Female,56,0.0013
2013,Female,57,-0.0002
2013,Female,58,-0.0003
2013,Female,59,0.0001
2013,Female,60,-0.0013
2013,Female,61,-0.0012
2013,Female,62,-0.0014
2013,Female,63,-0.0008
2013,Female,64,-0.0031
2013,Female,65,-0.0032
2013,Female,66,-0.0012
2013,Female,67,0.0002
2013,Female,68,0.0
2013,Female,69,-0.0001
2013,Female,70,0.0005
2013,Female,71,0.0004
2013,Female,72,0.0001
2013,Female,73,0.0004
2013,Female,74,0.0007
2013,Female,75,0.0009
2013,Female,76,0.0008
2013,Female,77,0.0003
2013,Female,78,0.0004
2013,Female,79,0.0005
2013,Female,80,0.0003
2013,Female,81,0.0004
2013,Female,82,0.0
2013,Female,83,0.0002
2013,Female,84,0.0003
2013,Female,85,0.0006
2013,Female,86,0.0001
2013,Female,87,-0.0007
2013,Female,88,-0.001
2013,Female,89,-0.0007
2013,Female,90,-0.001
2013,Female,91,-0.0013
2013,Female,92,-0.0004
2013,Female,93,0.0003
2013,Female,94,-0.0002
2013,Female,95,0.0
2013,Female,96,0.0003
2013,Female,97,0.0005
2013,Female,98,-0.0006
2013,Female,99,0.0003
2014,Male,1,0.0135
2014,Male,2,0.0087
2014,Male,3,0.0075
2014,Male,4,0.0083
2014,Male,5,0.0101
2014,Male,6,0.0089
2014,Male,7,0.0092
2014,Male,8,0.01
2014,Male,9,0.0085
2014,Male,10,0.0089
2014,Male,11,0.0094
2014,Male,12,0.0087
2014,Male,13,0.0086
2014,Male,14,0.0084
2014,Male,15,0.0087
2014,Male,16,0.0086
2014,Male,17,0.0086
2014,Male,18,0.0157
2014,Male,19,0.0197
2014,Male,20,0.0143
2014,Male,21,0.0142
2014,Male,22,0.0189
2014,Male,23,0.0231
2014,Male,24,0.0289
2014,Male,25,0.0268
2014,Male,26,0.0304
2014,Male,27,0.0326
2014,Male,28,0.0298
2014,Male,29,0.0311
2014,Male,30,0.0253
2014,Male,31,0.025
2014,Male,32,0.0244
2014,Male,33,0.0212
2014,Male,34,0.0174
2014,Male,35,0.0186
2014,Male,36,0.0165
2014,Male,37,0.015
2014,Male,38,0.0155
2014,Male,39,0.0152
2014,Male,40,0.0154
2014,Male,41,0.0136
2014,Male,42,0.0137
2014,Male,43,0.0116
2014,Male,44,0.0103
2014,Male,45,0.0095
2014,Male,46,0.0089
2014,Male,47,0.0093
2014,Male,48,0.0078
2014,Male,49,0.0055
2014,Male,50,0.0058
2014,Male,51,0.0048
2014,Male,52,0.0045
2014,Male,53,0.003
2014,Male,54,0.0028
2014,Male,55,0.0025
2014,Male,56,0.0016
2014,Male,57,0.0009
2014,Male,58,-0.0007
2014,Male,59,-0.0016
2014,Male,60,-0.0065
2014,Male,61,-0.004
2014,Male,62,-0.0036
2014,Male,63,-0.0052
2014,Male,64,-0.0038
2014,Male,65,-0.0096
2014,Male,66,-0.0068
2014,Male,67,-0.0014
2014,Male,68,-0.0013
2014,Male,69,-0.0011
2014,Male,70,-0.0012
2014,Male,71,-0.0005
2014,Male,72,0.0001
2014,Male,73,-0.0002
2014,Male,74,0.0005
2014,Male,75,0.0001
2014,Male,76,-0.0002
2014,Male,77,-0.0002
2014,Male,78,-0.0003
2014,Male,79,-0.0001
2014,Male,80,0.0003
2014,Male,81,0.0003
2014,Male,82,0.0004
2014,Male,83,0.0001
2014,Male,84,-0.0003
2014,Male,85,0.001
2014,Male,86,0.0009
2014,Male,87,-0.0003
2014,Male,88,0.0008
2014,Male,89,0.0009
2014,Male,90,-0.0002
2014,Male,91,-0.0004
2014,Male,92,0.0008
2014,Male,93,-0.0003
2014,Male,94,0.0018
2014,Male,95,-0.0029
2014,Male,96,-0.0033
2014,Male,97,-0.0015
2014,Male,98,0.0024
2014,Male,99,0.0
2014,Female,1,0.014
2014,Female,2,0.0109
2014,Female,3,0.0073
2014,Female,4,0.0093
2014,Female,5,0.0087
2014,Female,6,0.0111
2014,Female,7,0.0094
2014,Female,8,0.0096
2014,Female,9,0.0087
2014,Female,10,0.0083
2014,Female,11,0.008
2014,Female,12,0.0097
2014,Female,13,0.0081
2014,Female,14,0.0076
2014,Female,15,0.007
2014,Female,16,0.0092
2014,Female,17,0.0074
2014,Female,18,0.018
2014,Female,19,0.0215
2014,Female,20,0.0194
2014,Female,21,0.019
2014,Female,22,0.0228
2014,Female,23,0.028
2014,Female,24,0.0284
2014,Female,25,0.0315
2014,Female,26,0.0357
2014,Female,27,0.0377
2014,Female,28,0.034
2014,Female,29,0.0323
2014,Female,30,0.0261
2014,Female,31,0.0253
2014,Female,32,0.0215
2014,Female,33,0.0197
2014,Female,34,0.0175
2014,Female,35,0.0144
2014,Female,36,0.0145
2014,Female,37,0.0141
2014,Female,38,0.0119
2014,Female,39,0.0126
2014,Female,40,0.0091
2014,Female,41,0.0105
2014,Female,42,0.0101
2014,Female,43,0.0085
2014,Female,44,0.0079
2014,Female,45,0.007
2014,Female,46,0.0058
2014,Female,47,0.0046
2014,Female,48,0.0066
2014,Female,49,0.0045
2014,Female,50,0.0046
2014,Female,51,0.0036
2014,Female,52,0.0031
2014,Female,53,0.0018
2014,Female,54,0.0018
2014,Female,55,0.0014
2014,Female,56,0.0012
2014,Female,57,-0.0002
2014,Female,58,-0.0004
2014,Female,59,-0.0003
2014,Female,60,-0.002
2014,Female,61,-0.0012
2014,Female,62,-0.002
2014,Female,63,-0.0014
2014,Female,64,-0.0041
2014,Female,65,-0.0034
2014,Female,66,-0.001
2014,Female,67,-0.0003
2014,Female,68,-0.0002
2014,Female,69,-0.0002
2014,Female,70,0.0
2014,Female,71,0.0011
2014,Female,72,0.0006
2014,Female,73,0.0004
2014,Female,74,0.0001
2014,Female,75,0.0004
2014,Female,76,0.0001
2014,Female,77,0.0003
2014,Female,78,-0.0001
2014,Female,79,0.0009
2014,Female,80,0.0002
2014,Female,81,0.0003
2014,Female,82,0.0002
2014,Female,83,0.0004
2014,Female,84,-0.0006
2014,Female,85,-0.0001
2014,Female,86,0.0002
2014,Female,87,-0.0001
2014,Female,88,-0.0003
2014,Female,89,-0.0011
2014,Female,90,-0.001
2014,Female,91,-0.0007
2014,Female,92,-0.0007
2014,Female,93,0.0001
2014,Female,94,-0.0008
2014,Female,95,-0.001
2014,Female,96,-0.0027
2014,Female,97,0.0009
2014,Female,98,-0.0012
2014,Female,99,-0.0003
2015,Male,1,0.0115
2015,Male,2,0.0075
2015,Male,3,0.0078
2015,Male,4,0.0089
2015,Male,5,0.0081
2015,Male,6,0.0098
2015,Male,7,0.009
2015,Male,8,0.0096
2015,Male,9,0.0087
2015,Male,10,0.0089
2015,Male,11,0.0088
2015,Male,12,0.008
2015,Male,13,0.0084
2015,Male,14,0.0079
2015,Male,15,0.0086
2015,Male,16,0.0109
2015,Male,17,0.0125
2015,Male,18,0.0191
2015,Male,19,0.0266
2015,Male,20,0.0174
2015,Male,21,0.0186
2015,Male,22,0.0223
2015,Male,23,0.0281
2015,Male,24,0.0312
2015,Male,25,0.0307
2015,Male,26,0.0314
2015,Male,27,0.0337
2015,Male,28,0.0333
2015,Male,29,0.0275
2015,Male,30,0.0244
2015,Male,31,0.0243
2015,Male,32,0.0207
2015,Male,33,0.0191
2015,Male,34,0.0157
2015,Male,35,0.0159
2015,Male,36,0.0152
2015,Male,37,0.0132
2015,Male,38,0.0138
2015,Male,39,0.0127
2015,Male,40,0.012
2015,Male,41,0.0104
2015,Male,42,0.0099
2015,Male,43,0.0105
2015,Male,44,0.0094
2015,Male,45,0.0077
2015,Male,46,0.0072
2015,Male,47,0.0068
2015,Male,48,0.0055
2015,Male,49,0.0047
2015,Male,50,0.0043
2015,Male,51,0.0035
2015,Male,52,0.0017
2015,Male,53,0.0023
2015,Male,54,0.0023
2015,Male,55,0.0017
2015,Male,56,0.0006
2015,Male,57,-0.0002
2015,Male,58,-0.0013
2015,Male,59,-0.0021
2015,Male,60,-0.0069
2015,Male,61,-0.005
2015,Male,62,-0.0039
2015,Male,63,-0.0064
2015,Male,64,-0.0041
2015,Male,65,-0.0122
2015,Male,66,-0.0068
2015,Male,67,-0.0038
2015,Male,68,-0.0029
2015,Male,69,-0.0021
2015,Male,70,-0.0013
2015,Male,71,-0.0018
2015,Male,72,-0.0011
2015,Male,73,-0.0006
2015,Male,74,-0.0012
2015,Male,75,-0.0015
2015,Male,76,-0.0013
2015,Male,77,0.0007
2015,Male,78,0.0006
2015,Male,79,-0.0005
2015,Male,80,-0.0008
2015,Male,81,-0.0002
2015,Male,82,0.0002
2015,Male,83,-0.0001
2015,Male,84,0.0001
2015,Male,85,-0.0004
2015,Male,86,-0.0008
2015,Male,87,-0.0009
2015,Male,88,0.0
2015,Male,89,-0.0001
2015,Male,90,0.0006
2015,Male,91,0.001
2015,Male,92,-0.001
2015,Male,93,-0.0003
2015,Male,94,-0.0008
2015,Male,95,0.0
2015,Male,96,0.001
2015,Male,97,0.0031
2015,Male,98,0.0
2015,Male,99,0.0013
2015,Female,1,0.0137
2015,Female,2,0.0085
2015,Female,3,0.0079
2015,Female,4,0.0063
2015,Female,5,0.0092
2015,Female,6,0.0093
2015,Female,7,0.0084
2015,Female,8,0.0086
2015,Female,9,0.0096
2015,Female,10,0.009
2015,Female,11,0.0088
2015,Female,12,0.0091
2015,Female,13,0.0091
2015,Female,14,0.0099
2015,Female,15,0.0084
2015,Female,16,0.0082
2015,Female,17,0.0087
2015,Female,18,0.0214
2015,Female,19,0.023
2015,Female,20,0.0219
2015,Female,21,0.0192
2015,Female,22,0.0248
2015,Female,23,0.0269
2015,Female,24,0.0284
2015,Female,25,0.0314
2015,Female,26,0.0346
2015,Female,27,0.0335
2015,Female,28,0.0338
2015,Female,29,0.0282
2015,Female,30,0.0255
2015,Female,31,0.0239
2015,Female,32,0.0195
2015,Female,33,0.0173
2015,Female,34,0.0165
2015,Female,35,0.0136
2015,Female,36,0.0121
2015,Female,37,0.0129
2015,Female,38,0.011
2015,Female,39,0.0101
2015,Female,40,0.0108
2015,Female,41,0.0108
2015,Female,42,0.0086
2015,Female,43,0.0081
2015,Female,44,0.0071
2015,Female,45,0.0068
2015,Female,46,0.006
2015,Female,47,0.0053
2015,Female,48,0.0048
2015,Female,49,0.0035
2015,Female,50,0.0031
2015,Female,51,0.0037
2015,Female,52,0.0019
2015,Female,53,0.0011
2015,Female,54,0.0011
2015,Female,55,-0.0003
2015,Female,56,0.0003
2015,Female,57,0.0001
2015,Female,58,-0.0013
2015,Female,59,-0.002
2015,Female,60,-0.0026
2015,Female,61,-0.0019
2015,Female,62,-0.0036
2015,Female,63,-0.0033
2015,Female,64,-0.0057
2015,Female,65,-0.0042
2015,Female,66,-0.0033
2015,Female,67,-0.0015
2015,Female,68,-0.0011
2015,Female,69,-0.0005
2015,Female,70,0.0
2015,Female,71,-0.0005
2015,Female,72,-0.0004
2015,Female,73,-0.0002
2015,Female,74,-0.0002
2015,Female,75,0.0006
2015,Female,76,-0.0001
2015,Female,77,0.0001
2015,Female,78,-0.0003
2015,Female,79,0.0
2015,Female,80,-0.0002
2015,Female,81,0.0001
2015,Female,82,-0.0
2015,Female,83,-0.0005
2015,Female,84,-0.0
2015,Female,85,-0.0006
2015,Female,86,-0.001
2015,Female,87,-0.0006
2015,Female,88,-0.0009
2015,Female,89,-0.0019
2015,Female,90,-0.0005
2015,Female,91,-0.0004
2015,Female,92,0.0002
2015,Female,93,-0.0009
2015,Female,94,0.0002
2015,Female,95,-0.0012
2015,Female,96,-0.0016
2015,Female,97,0.0
2015,Female,98,0.0
2015,Female,99,-0.0006
2016,Male,1,0.0157
2016,Male,2,0.0115
2016,Male,3,0.0079
2016,Male,4,0.0092
2016,Male,5,0.0092
2016,Male,6,0.0069
2016,Male,7,0.0099
2016,Male,8,0.0101
2016,Male,9,0.0093
2016,Male,10,0.0102
2016,Male,11,0.0093
2016,Male,12,0.0077
2016,Male,13,0.0083
2016,Male,14,0.012
2016,Male,15,0.014
2016,Male,16,0.0179
2016,Male,17,0.025
2016,Male,18,0.0342
2016,Male,19,0.05
2016,Male,20,0.0247
2016,Male,21,0.0285
2016,Male,22,0.0298
2016,Male,23,0.0347
2016,Male,24,0.0322
2016,Male,25,0.0309
2016,Male,26,0.037
2016,Male,27,0.0352
2016,Male,28,0.03
2016,Male,29,0.0293
2016,Male,30,0.0257
2016,Male,31,0.0242
2016,Male,32,0.0179
2016,Male,33,0.0187
2016,Male,34,0.0163
2016,Male,35,0.0165
2016,Male,36,0.0129
2016,Male,37,0.0119
2016,Male,38,0.0121
2016,Male,39,0.0098
2016,Male,40,0.0098
2016,Male,41,0.0097
2016,Male,42,0.007
2016,Male,43,0.0083
2016,Male,44,0.0073
2016,Male,45,0.0063
2016,Male,46,0.0054
2016,Male,47,0.0049
2016,Male,48,0.0043
2016,Male,49,0.0033
2016,Male,50,0.0024
2016,Male,51,0.0022
2016,Male,52,0.0024
2016,Male,53,0.0018
2016,Male,54,-0.0002
2016,Male,55,-0.0012
2016,Male,56,-0.0018
2016,Male,57,-0.002
2016,Male,58,-0.0032
2016,Male,59,-0.0024
2016,Male,60,-0.0067
2016,Male,61,-0.006
2016,Male,62,-0.0054
2016,Male,63,-0.0076
2016,Male,64,-0.0056
2016,Male,65,-0.0135
2016,Male,66,-0.0098
2016,Male,67,-0.0044
2016,Male,68,-0.0034
2016,Male,69,-0.002
2016,Male,70,-0.0021
2016,Male,71,-0.0019
2016,Male,72,-0.0015
2016,Male,73,-0.0001
2016,Male,74,-0.0015
2016,Male,75,-0.0007
2016,Male,76,-0.0011
2016,Male,77,-0.0013
2016,Male,78,-0.0012
2016,Male,79,-0.0005
2016,Male,80,-0.0007
2016,Male,81,-0.0001
2016,Male,82,-0.0006
2016,Male,83,-0.0008
2016,Male,84,-0.0003
2016,Male,85,-0.0006
2016,Male,86,-0.0004
2016,Male,87,-0.0005
2016,Male,88,-0.0006
2016,Male,89,-0.0003
2016,Male,90,-0.0003
2016,Male,91,-0.0008
2016,Male,92,0.0
2016,Male,93,-0.0031
2016,Male,94,-0.0009
2016,Male,95,-0.0011
2016,Male,96,-0.004
2016,Male,97,-0.0028
2016,Male,98,-0.0023
2016,Male,99,-0.0041
2016,Female,1,0.0137
2016,Female,2,0.0088
2016,Female,3,0.0063
2016,Female,4,0.0064
2016,Female,5,0.0095
2016,Female,6,0.0087
2016,Female,7,0.0108
2016,Female,8,0.0106
2016,Female,9,0.0095
2016,Female,10,0.0083
2016,Female,11,0.0083
2016,Female,12,0.0091
2016,Female,13,0.0088
2016,Female,14,0.0083
2016,Female,15,0.0094
2016,Female,16,0.0091
2016,Female,17,0.01
2016,Female,18,0.0223
2016,Female,19,0.0232
2016,Female,20,0.0203
2016,Female,21,0.0174
2016,Female,22,0.0205
2016,Female,23,0.0237
2016,Female,24,0.0282
2016,Female,25,0.0272
2016,Female,26,0.0345
2016,Female,27,0.032
2016,Female,28,0.0298
2016,Female,29,0.0262
2016,Female,30,0.0233
2016,Female,31,0.0189
2016,Female,32,0.0193
2016,Female,33,0.0164
2016,Female,34,0.0131
2016,Female,35,0.0118
2016,Female,36,0.0122
2016,Female,37,0.0125
2016,Female,38,0.0099
2016,Female,39,0.0102
2016,Female,40,0.0086
2016,Female,41,0.0085
2016,Female,42,0.007
2016,Female,43,0.0081
2016,Female,44,0.0059
2016,Female,45,0.006
2016,Female,46,0.005
2016,Female,47,0.005
2016,Female,48,0.004
2016,Female,49,0.0041
2016,Female,50,0.0022
2016,Female,51,0.0022
2016,Female,52,0.0015
2016,Female,53,0.0006
2016,Female,54,0.0001
2016,Female,55,0.0001
2016,Female,56,-0.0006
2016,Female,57,-0.0012
2016,Female,58,-0.0029
2016,Female,59,-0.0026
2016,Female,60,-0.0029
2016,Female,61,-0.0021
2016,Female,62,-0.0045
2016,Female,63,-0.0046
2016,Female,64,-0.0071
2016,Female,65,-0.0047
2016,Female,66,-0.003
2016,Female,67,-0.0021
2016,Female,68,-0.0023
2016,Female,69,-0.0009
2016,Female,70,-0.0012
2016,Female,71,-0.0008
2016,Female,72,-0.0007
2016,Female,73,-0.0006
2016,Female,74,-0.0009
2016,Female,75,-0.0012
2016,Female,76,-0.0005
2016,Female,77,-0.0009
2016,Female,78,-0.0003
2016,Female,79,-0.0006
2016,Female,80,-0.0009
2016,Female,81,-0.0008
2016,Female,82,-0.0008
2016,Female,83,-0.0002
2016,Female,84,0.0
2016,Female,85,-0.0009
2016,Female,86,-0.0009
2016,Female,87,-0.0007
2016,Female,88,-0.0006
2016,Female,89,-0.0005
2016,Female,90,-0.0003
2016,Female,91,-0.0006
2016,Female,92,-0.0011
2016,Female,93,-0.0007
2016,Female,94,-0.0008
2016,Female,95,0.0002
2016,Female,96,0.0003
2016,Female,97,-0.0017
2016,Female,98,-0.0037
2016,Female,99,-0.0019
2017,Male,1,0.0111
2017,Male,2,0.005
2017,Male,3,0.0048
2017,Male,4,0.0047
2017,Male,5,0.0053
2017,Male,6,0.0079
2017,Male,7,0.0056
2017,Male,8,0.0052
2017,Male,9,0.006
2017,Male,10,0.0057
2017,Male,11,0.0076
2017,Male,12,0.0074
2017,Male,13,0.0088
2017,Male,14,0.0095
2017,Male,15,0.0103
2017,Male,16,0.0104
2017,Male,17,0.0138
2017,Male,18,0.0201
2017,Male,19,0.0231
2017,Male,20,0.0093
2017,Male,21,0.0093
2017,Male,22,0.012
2017,Male,23,0.0171
2017,Male,24,0.0205
2017,Male,25,0.0221
2017,Male,26,0.024
2017,Male,27,0.0258
2017,Male,28,0.0252
2017,Male,29,0.0215
2017,Male,30,0.018
2017,Male,31,0.0183
2017,Male,32,0.0158
2017,Male,33,0.0115
2017,Male,34,0.0108
2017,Male,35,0.0121
2017,Male,36,0.0108
2017,Male,37,0.0087
2017,Male,38,0.0076
2017,Male,39,0.0086
2017,Male,40,0.0082
2017,Male,41,0.0057
2017,Male,42,0.0063
2017,Male,43,0.0057
2017,Male,44,0.0056
2017,Male,45,0.0041
2017,Male,46,0.0032
2017,Male,47,0.0036
2017,Male,48,0.0041
2017,Male,49,0.0013
2017,Male,50,0.0017
2017,Male,51,0.0002
2017,Male,52,-0.0005
2017,Male,53,0.0002
2017,Male,54,-0.0011
2017,Male,55,-0.002
2017,Male,56,-0.0021
2017,Male,57,-0.0021
2017,Male,58,-0.0039
2017,Male,59,-0.0038
2017,Male,60,-0.0097
2017,Male,61,-0.0071
2017,Male,62,-0.0079
2017,Male,63,-0.0104
2017,Male,64,-0.0089
2017,Male,65,-0.0168
2017,Male,66,-0.0126
2017,Male,67,-0.0071
2017,Male,68,-0.0052
2017,Male,69,-0.0051
2017,Male,70,-0.0035
2017,Male,71,-0.0032
2017,Male,72,-0.0022
2017,Male,73,-0.0022
2017,Male,74,-0.0021
2017,Male,75,-0.0019
2017,Male,76,-0.0016
2017,Male,77,-0.0015
2017,Male,78,-0.0014
2017,Male,79,-0.001
2017,Male,80,-0.0013
2017,Male,81,-0.001
2017,Male,82,-0.0018
2017,Male,83,-0.0011
2017,Male,84,-0.0013
2017,Male,85,-0.0002
2017,Male,86,-0.0008
2017,Male,87,-0.001
2017,Male,88,-0.0011
2017,Male,89,-0.0002
2017,Male,90,-0.0005
2017,Male,91,-0.0005
2017,Male,92,-0.0007
2017,Male,93,-0.0024
2017,Male,94,0.0004
2017,Male,95,-0.0011
2017,Male,96,0.0
2017,Male,97,-0.0022
2017,Male,98,-0.002
2017,Male,99,-0.0027
2017,Female,1,0.0132
2017,Female,2,0.0057
2017,Female,3,0.0034
2017,Female,4,0.0036
2017,Female,5,0.0071
2017,Female,6,0.0064
2017,Female,7,0.0056
2017,Female,8,0.0067
2017,Female,9,0.0076
2017,Female,10,0.007
2017,Female,11,0.0077
2017,Female,12,0.0061
2017,Female,13,0.0072
2017,Female,14,0.009
2017,Female,15,0.008
2017,Female,16,0.0067
2017,Female,17,0.0105
2017,Female,18,0.0191
2017,Female,19,0.017
2017,Female,20,0.0138
2017,Female,21,0.0115
2017,Female,22,0.0146
2017,Female,23,0.0194
2017,Female,24,0.0222
2017,Female,25,0.0251
2017,Female,26,0.0275
2017,Female,27,0.029
2017,Female,28,0.024
2017,Female,29,0.0228
2017,Female,30,0.0205
2017,Female,31,0.0173
2017,Female,32,0.0157
2017,Female,33,0.0127
2017,Female,34,0.0121
2017,Female,35,0.0126
2017,Female,36,0.0096
2017,Female,37,0.009
2017,Female,38,0.0079
2017,Female,39,0.0087
2017,Female,40,0.0074
2017,Female,41,0.0061
2017,Female,42,0.0063
2017,Female,43,0.0053
2017,Female,44,0.0055
2017,Female,45,0.0051
2017,Female,46,0.0045
2017,Female,47,0.0035
2017,Female,48,0.0035
2017,Female,49,0.0025
2017,Female,50,0.0014
2017,Female,51,0.0017
2017,Female,52,0.0005
2017,Female,53,0.0001
2017,Female,54,-0.0002
2017,Female,55,-0.0014
2017,Female,56,-0.0025
2017,Female,57,-0.0027
2017,Female,58,-0.0041
2017,Female,59,-0.0041
2017,Female,60,-0.0046
2017,Female,61,-0.0045
2017,Female,62,-0.0069
2017,Female,63,-0.0055
2017,Female,64,-0.0094
2017,Female,65,-0.0074
2017,Female,66,-0.0046
2017,Female,67,-0.0038
2017,Female,68,-0.0029
2017,Female,69,-0.0025
2017,Female,70,-0.0025
2017,Female,71,-0.002
2017,Female,72,-0.0007
2017,Female,73,-0.0014
2017,Female,74,-0.001
2017,Female,75,-0.0007
2017,Female,76,-0.0006
2017,Female,77,-0.0009
2017,Female,78,-0.0009
2017,Female,79,-0.0012
2017,Female,80,-0.0012
2017,Female,81,-0.0009
2017,Female,82,-0.0005
2017,Female,83,-0.0007
2017,Female,84,-0.001
2017,Female,85,-0.0009
2017,Female,86,-0.0011
2017,Female,87,-0.0012
2017,Female,88,-0.0018
2017,Female,89,-0.0013
2017,Female,90,-0.001
2017,Female,91,-0.001
2017,Female,92,-0.001
2017,Female,93,-0.0012
2017,Female,94,-0.0021
2017,Female,95,-0.001
2017,Female,96,-0.0005
2017,Female,97,-0.0011
2017,Female,98,-0.0012
2017,Female,99,-0.0009
2018,Male,1,0.0083
2018,Male,2,0.0068
2018,Male,3,0.0049
2018,Male,4,0.0063
2018,Male,5,0.0041
2018,Male,6,0.0055
2018,Male,7,0.0056
2018,Male,8,0.0058
2018,Male,9,0.0071
2018,Male,10,0.0077
2018,Male,11,0.008
2018,Male,12,0.0062
2018,Male,13,0.0082
2018,Male,14,0.007
2018,Male,15,0.0084
2018,Male,16,0.0073
2018,Male,17,0.0068
2018,Male,18,0.0161
2018,Male,19,0.0158
2018,Male,20,0.0058
2018,Male,21,0.0092
2018,Male,22,0.0124
2018,Male,23,0.0162
2018,Male,24,0.0156
2018,Male,25,0.0191
2018,Male,26,0.0218
2018,Male,27,0.0218
2018,Male,28,0.0201
2018,Male,29,0.02
2018,Male,30,0.0171
2018,Male,31,0.0154
2018,Male,32,0.0138
2018,Male,33,0.0135
2018,Male,34,0.0104
2018,Male,35,0.0103
2018,Male,36,0.0089
2018,Male,37,0.0096
2018,Male,38,0.0066
2018,Male,39,0.0076
2018,Male,40,0.0066
2018,Male,41,0.0053
2018,Male,42,0.0064
2018,Male,43,0.0056
2018,Male,44,0.0052
2018,Male,45,0.0029
2018,Male,46,0.004
2018,Male,47,0.0034
2018,Male,48,0.0022
2018,Male,49,0.0028
2018,Male,50,0.0021
2018,Male,51,0.0009
2018,Male,52,-0.0001
2018,Male,53,-0.0003
2018,Male,54,-0.0012
2018,Male,55,-0.0014
2018,Male,56,-0.0026
2018,Male,57,-0.0021
2018,Male,58,-0.0034
2018,Male,59,-0.0046
2018,Male,60,-0.0117
2018,Male,61,-0.0091
2018,Male,62,-0.0083
2018,Male,63,-0.0119
2018,Male,64,-0.0096
2018,Male,65,-0.0187
2018,Male,66,-0.0131
2018,Male,67,-0.0059
2018,Male,68,-0.0047
2018,Male,69,-0.0051
2018,Male,70,-0.0044
2018,Male,71,-0.003
2018,Male,72,-0.0017
2018,Male,73,-0.0021
2018,Male,74,-0.0018
2018,Male,75,-0.0018
2018,Male,76,-0.0019
2018,Male,77,-0.0023
2018,Male,78,-0.0018
2018,Male,79,-0.0003
2018,Male,80,-0.0011
2018,Male,81,-0.0021
2018,Male,82,-0.001
2018,Male,83,-0.0006
2018,Male,84,-0.001
2018,Male,85,-0.0018
2018,Male,86,-0.0015
2018,Male,87,-0.0006
2018,Male,88,-0.0012
2018,Male,89,-0.0012
2018,Male,90,-0.0011
2018,Male,91,0.0002
2018,Male,92,-0.0002
2018,Male,93,-0.0006
2018,Male,94,-0.0016
2018,Male,95,-0.0015
2018,Male,96,-0.0008
2018,Male,97,-0.0021
2018,Male,98,-0.0017
2018,Male,99,-0.0013
2018,Female,1,0.013
2018,Female,2,0.0051
2018,Female,3,0.005
2018,Female,4,0.0058
2018,Female,5,0.0068
2018,Female,6,0.0082
2018,Female,7,0.007
2018,Female,8,0.008
2018,Female,9,0.0049
2018,Female,10,0.0076
2018,Female,11,0.0061
2018,Female,12,0.0052
2018,Female,13,0.0056
2018,Female,14,0.0055
2018,Female,15,0.0057
2018,Female,16,0.0072
2018,Female,17,0.0073
2018,Female,18,0.0168
2018,Female,19,0.0161
2018,Female,20,0.0117
2018,Female,21,0.0097
2018,Female,22,0.0131
2018,Female,23,0.017
2018,Female,24,0.022
2018,Female,25,0.0239
2018,Female,26,0.0258
2018,Female,27,0.0253
2018,Female,28,0.0237
2018,Female,29,0.0219
2018,Female,30,0.02
2018,Female,31,0.0171
2018,Female,32,0.0136
2018,Female,33,0.0135
2018,Female,34,0.0117
2018,Female,35,0.0118
2018,Female,36,0.0097
2018,Female,37,0.0084
2018,Female,38,0.0082
2018,Female,39,0.0074
2018,Female,40,0.006
2018,Female,41,0.0047
2018,Female,42,0.0064
2018,Female,43,0.0059
2018,Female,44,0.005
2018,Female,45,0.0047
2018,Female,46,0.0044
2018,Female,47,0.0024
2018,Female,48,0.003
2018,Female,49,0.003
2018,Female,50,0.0019
2018,Female,51,0.0003
2018,Female,52,-0.0006
2018,Female,53,-0.0004
2018,Female,54,-0.0009
2018,Female,55,-0.0021
2018,Female,56,-0.0016
2018,Female,57,-0.0038
2018,Female,58,-0.0054
2018,Female,59,-0.0048
2018,Female,60,-0.0062
2018,Female,61,-0.0061
2018,Female,62,-0.0065
2018,Female,63,-0.0065
2018,Female,64,-0.0098
2018,Female,65,-0.0078
2018,Female,66,-0.005
2018,Female,67,-0.0036
2018,Female,68,-0.003
2018,Female,69,-0.0027
2018,Female,70,-0.002
2018,Female,71,-0.0018
2018,Female,72,-0.0017
2018,Female,73,-0.0015
2018,Female,74,-0.0019
2018,Female,75,-0.0009
2018,Female,76,-0.0007
2018,Female,77,-0.0011
2018,Female,78,-0.001
2018,Female,79,-0.0005
2018,Female,80,-0.0008
2018,Female,81,-0.001
2018,Female,82,-0.0006
2018,Female,83,-0.0008
2018,Female,84,-0.0002
2018,Female,85,-0.0007
2018,Female,86,-0.0014
2018,Female,87,-0.0003
2018,Female,88,-0.0015
2018,Female,89,-0.0009
2018,Female,90,-0.0009
2018,Female,91,-0.0008
2018,Female,92,-0.0004
2018,Female,93,-0.0012
2018,Female,94,-0.0003
2018,Female,95,-0.0011
2018,Female,96,-0.0013
2018,Female,97,0.0
2018,Female,98,0.0
2018,Female,99,-0.0012
2019,Male,1,0.0109
2019,Male,2,0.0067
2019,Male,3,0.0028
2019,Male,4,0.0043
2019,Male,5,0.0053
2019,Male,6,0.0062
2019,Male,7,0.0067
2019,Male,8,0.0069
2019,Male,9,0.0065
2019,Male,10,0.0056
2019,Male,11,0.0085
2019,Male,12,0.0072
2019,Male,13,0.007
2019,Male,14,0.0057
2019,Male,15,0.0082
2019,Male,16,0.0071
2019,Male,17,0.007
2019,Male,18,0.0159
2019,Male,19,0.0153
2019,Male,20,0.0072
2019,Male,21,0.0052
2019,Male,22,0.0157
2019,Male,23,0.0174
2019,Male,24,0.0167
2019,Male,25,0.0189
2019,Male,26,0.0229
2019,Male,27,0.0236
2019,Male,28,0.0253
2019,Male,29,0.0217
2019,Male,30,0.0192
2019,Male,31,0.0182
2019,Male,32,0.0163
2019,Male,33,0.0153
2019,Male,34,0.0108
2019,Male,35,0.0095
2019,Male,36,0.0104
2019,Male,37,0.0094
2019,Male,38,0.0085
2019,Male,39,0.0072
2019,Male,40,0.0071
2019,Male,41,0.0087
2019,Male,42,0.0067
2019,Male,43,0.0058
2019,Male,44,0.0055
2019,Male,45,0.0051
2019,Male,46,0.005
2019,Male,47,0.0027
2019,Male,48,0.0038
2019,Male,49,0.0017
2019,Male,50,0.0007
2019,Male,51,0.001
2019,Male,52,0.0
2019,Male,53,0.0007
2019,Male,54,0.0002
2019,Male,55,-0.0018
2019,Male,56,-0.0022
2019,Male,57,-0.002
2019,Male,58,-0.0038
2019,Male,59,-0.0042
2019,Male,60,-0.0109
2019,Male,61,-0.0079
2019,Male,62,-0.0077
2019,Male,63,-0.0103
2019,Male,64,-0.0084
2019,Male,65,-0.0193
2019,Male,66,-0.0112
2019,Male,67,-0.0054
2019,Male,68,-0.0047
2019,Male,69,-0.0035
2019,Male,70,-0.0035
2019,Male,71,-0.0027
2019,Male,72,-0.003
2019,Male,73,-0.0019
2019,Male,74,-0.0013
2019,Male,75,-0.0014
2019,Male,76,-0.0013
2019,Male,77,-0.0014
2019,Male,78,-0.001
2019,Male,79,-0.0021
2019,Male,80,-0.0016
2019,Male,81,-0.0015
2019,Male,82,-0.0007
2019,Male,83,-0.0012
2019,Male,84,-0.0006
2019,Male,85,-0.0019
2019,Male,86,-0.0004
2019,Male,87,-0.0007
2019,Male,88,-0.0007
2019,Male,89,-0.0019
2019,Male,90,0.0
2019,Male,91,-0.0015
2019,Male,92,-0.0004
2019,Male,93,-0.0006
2019,Male,94,0.0
2019,Male,95,-0.002
2019,Male,96,-0.0007
2019,Male,97,0.0032
2019,Male,98,-0.0015
2019,Male,99,0.0011
2019,Female,1,0.0097
2019,Female,2,0.0044
2019,Female,3,0.0041
2019,Female,4,0.0045
2019,Female,5,0.0059
2019,Female,6,0.0053
2019,Female,7,0.0059
2019,Female,8,0.0064
2019,Female,9,0.0058
2019,Female,10,0.0079
2019,Female,11,0.0068
2019,Female,12,0.0062
2019,Female,13,0.0071
2019,Female,14,0.0072
2019,Female,15,0.0055
2019,Female,16,0.0042
2019,Female,17,0.006
2019,Female,18,0.0166
2019,Female,19,0.0138
2019,Female,20,0.0126
2019,Female,21,0.0101
2019,Female,22,0.0167
2019,Female,23,0.0198
2019,Female,24,0.0234
2019,Female,25,0.0263
2019,Female,26,0.0286
2019,Female,27,0.0283
2019,Female,28,0.026
2019,Female,29,0.0212
2019,Female,30,0.0207
2019,Female,31,0.0183
2019,Female,32,0.0154
2019,Female,33,0.013
2019,Female,34,0.0108
2019,Female,35,0.0098
2019,Female,36,0.0112
2019,Female,37,0.0092
2019,Female,38,0.0084
2019,Female,39,0.0079
2019,Female,40,0.0067
2019,Female,41,0.0072
2019,Female,42,0.006
2019,Female,43,0.0052
2019,Female,44,0.0057
2019,Female,45,0.0043
2019,Female,46,0.0042
2019,Female,47,0.004
2019,Female,48,0.0035
2019,Female,49,0.0023
2019,Female,50,0.0009
2019,Female,51,0.0007
2019,Female,52,0.0002
2019,Female,53,0.0002
2019,Female,54,-0.0021
2019,Female,55,-0.0021
2019,Female,56,-0.0014
2019,Female,57,-0.0027
2019,Female,58,-0.0035
2019,Female,59,-0.0049
2019,Female,60,-0.0052
2019,Female,61,-0.0056
2019,Female,62,-0.0069
2019,Female,63,-0.0057
2019,Female,64,-0.0091
2019,Female,65,-0.0068
2019,Female,66,-0.0048
2019,Female,67,-0.0028
2019,Female,68,-0.0031
2019,Female,69,-0.0023
2019,Female,70,-0.0019
2019,Female,71,-0.0015
2019,Female,72,-0.0012
2019,Female,73,-0.001
2019,Female,74,-0.0011
2019,Female,75,-0.0007
2019,Female,76,-0.0008
2019,Female,77,-0.0004
2019,Female,78,-0.0008
2019,Female,79,-0.0011
2019,Female,80,-0.0011
2019,Female,81,-0.0012
2019,Female,82,-0.0005
2019,Female,83,-0.0011
2019,Female,84,-0.0004
2019,Female,85,-0.0009
2019,Female,86,-0.0004
2019,Female,87,-0.0005
2019,Female,88,-0.0013
2019,Female,89,-0.0007
2019,Female,90,-0.0006
2019,Female,91,-0.0006
2019,Female,92,-0.0012
2019,Female,93,-0.0015
2019,Female,94,-0.0014
2019,Female,95,0.0002
2019,Female,96,-0.0002
2019,Female,97,-0.0013
2019,Female,98,0.0004
2019,Female,99,-0.0017
2020,Male,1,0.011
2020,Male,2,0.0073
2020,Male,3,0.0052
2020,Male,4,0.0052
2020,Male,5,0.0068
2020,Male,6,0.0073
2020,Male,7,0.0071
2020,Male,8,0.0094
2020,Male,9,0.006
2020,Male,10,0.0076
2020,Male,11,0.0074
2020,Male,12,0.0054
2020,Male,13,0.006
2020,Male,14,0.0078
2020,Male,15,0.0077
2020,Male,16,0.0075
2020,Male,17,0.0087
2020,Male,18,0.0239
2020,Male,19,0.0192
2020,Male,20,0.0132
2020,Male,21,0.0125
2020,Male,22,0.0197
2020,Male,23,0.0164
2020,Male,24,0.0205
2020,Male,25,0.0218
2020,Male,26,0.0265
2020,Male,27,0.0245
2020,Male,28,0.0252
2020,Male,29,0.0219
2020,Male,30,0.021
2020,Male,31,0.0208
2020,Male,32,0.0183
2020,Male,33,0.0167
2020,Male,34,0.0143
2020,Male,35,0.0134
2020,Male,36,0.0117
2020,Male,37,0.0115
2020,Male,38,0.0098
2020,Male,39,0.0092
2020,Male,40,0.0082
2020,Male,41,0.0086
2020,Male,42,0.0073
2020,Male,43,0.0077
2020,Male,44,0.0072
2020,Male,45,0.0066
2020,Male,46,0.0067
2020,Male,47,0.0045
2020,Male,48,0.0047
2020,Male,49,0.0038
2020,Male,50,0.0033
2020,Male,51,0.0032
2020,Male,52,0.0024
2020,Male,53,0.0014
2020,Male,54,0.0009
2020,Male,55,0.001
2020,Male,56,-0.0008
2020,Male,57,-0.0007
2020,Male,58,-0.0027
2020,Male,59,-0.0027
2020,Male,60,-0.0104
2020,Male,61,-0.0066
2020,Male,62,-0.0063
2020,Male,63,-0.0087
2020,Male,64,-0.0077
2020,Male,65,-0.0178
2020,Male,66,-0.0112
2020,Male,67,-0.0047
2020,Male,68,-0.0039
2020,Male,69,-0.0019
2020,Male,70,-0.0024
2020,Male,71,-0.0019
2020,Male,72,-0.0015
2020,Male,73,-0.0017
2020,Male,74,-0.0009
2020,Male,75,-0.0012
2020,Male,76,-0.0006
2020,Male,77,-0.0009
2020,Male,78,-0.001
2020,Male,79,0.0
2020,Male,80,-0.0017
2020,Male,81,-0.0005
2020,Male,82,0.0003
2020,Male,83,-0.0011
2020,Male,84,-0.0007
2020,Male,85,-0.0006
2020,Male,86,-0.0011
2020,Male,87,-0.0006
2020,Male,88,-0.0005
2020,Male,89,-0.0003
2020,Male,90,-0.0001
2020,Male,91,-0.0003
2020,Male,92,-0.0008
2020,Male,93,-0.0011
2020,Male,94,0.0003
2020,Male,95,-0.0009
2020,Male,96,-0.0014
2020,Male,97,0.0
2020,Male,98,0.0
2020,Male,99,-0.002
2020,Female,1,0.0114
2020,Female,2,0.005
2020,Female,3,0.0048
2020,Female,4,0.0069
2020,Female,5,0.006
2020,Female,6,0.0066
2020,Female,7,0.0075
2020,Female,8,0.0064
2020,Female,9,0.0069
2020,Female,10,0.007
2020,Female,11,0.0072
2020,Female,12,0.0068
2020,Female,13,0.0055
2020,Female,14,0.006
2020,Female,15,0.0069
2020,Female,16,0.0072
2020,Female,17,0.0059
2020,Female,18,0.0209
2020,Female,19,0.0183
2020,Female,20,0.0113
2020,Female,21,0.0091
2020,Female,22,0.0191
2020,Female,23,0.0223
2020,Female,24,0.0261
2020,Female,25,0.0287
2020,Female,26,0.0281
2020,Female,27,0.0297
2020,Female,28,0.0262
2020,Female,29,0.0225
2020,Female,30,0.0231
2020,Female,31,0.0191
2020,Female,32,0.0168
2020,Female,33,0.0158
2020,Female,34,0.0138
2020,Female,35,0.0132
2020,Female,36,0.0106
2020,Female,37,0.0092
2020,Female,38,0.0088
2020,Female,39,0.0087
2020,Female,40,0.0083
2020,Female,41,0.0079
2020,Female,42,0.0076
2020,Female,43,0.0066
2020,Female,44,0.0076
2020,Female,45,0.0056
2020,Female,46,0.0054
2020,Female,47,0.0043
2020,Female,48,0.0045
2020,Female,49,0.0037
2020,Female,50,0.0022
2020,Female,51,0.0019
2020,Female,52,0.0012
2020,Female,53,0.0007
2020,Female,54,-0.0005
2020,Female,55,-0.0005
2020,Female,56,-0.0015
2020,Female,57,-0.0025
2020,Female,58,-0.0037
2020,Female,59,-0.0034
2020,Female,60,-0.0047
2020,Female,61,-0.0043
2020,Female,62,-0.006
2020,Female,63,-0.0054
2020,Female,64,-0.0091
2020,Female,65,-0.007
2020,Female,66,-0.0041
2020,Female,67,-0.0017
2020,Female,68,-0.0021
2020,Female,69,-0.0017
2020,Female,70,-0.0007
2020,Female,71,-0.0003
2020,Female,72,-0.0004
2020,Female,73,-0.0001
2020,Female,74,-0.0001
2020,Female,75,0.0
2020,Female,76,0.0004
2020,Female,77,-0.0002
2020,Female,78,-0.0002
2020,Female,79,-0.0005
2020,Female,80,-0.0004
2020,Female,81,-0.0006
2020,Female,82,0.0
2020,Female,83,0.0001
2020,Female,84,-0.0004
2020,Female,85,0.0003
2020,Female,86,0.0002
2020,Female,87,0.0
2020,Female,88,0.0006
2020,Female,89,-0.0007
2020,Female,90,-0.0003
2020,Female,91,-0.0008
2020,Female,92,-0.0001
2020,Female,93,-0.0005
2020,Female,94,-0.0004
2020,Female,95,-0.0002
2020,Female,96,-0.0018
2020,Female,97,-0.0003
2020,Female,98,-0.0018
2020,Female,99,-0.0015
2021,Male,1,0.0073
2021,Male,2,0.0052
2021,Male,3,0.0042
2021,Male,4,0.0043
2021,Male,5,0.0051
2021,Male,6,0.0057
2021,Male,7,0.0058
2021,Male,8,0.0056
2021,Male,9,0.0054
2021,Male,10,0.0055
2021,Male,11,0.0055
2021,Male,12,0.006
2021,Male,13,0.0068
2021,Male,14,0.0075
2021,Male,15,0.0078
2021,Male,16,0.0074
2021,Male,17,0.0111
2021,Male,18,0.0218
2021,Male,19,0.0182
2021,Male,20,0.0112
2021,Male,21,0.0107
2021,Male,22,0.0237
2021,Male,23,0.024
2021,Male,24,0.0231
2021,Male,25,0.0262
2021,Male,26,0.0251
2021,Male,27,0.0264
2021,Male,28,0.0262
2021,Male,29,0.0241
2021,Male,30,0.0204
2021,Male,31,0.0203
2021,Male,32,0.0158
2021,Male,33,0.0143
2021,Male,34,0.0153
2021,Male,35,0.0122
2021,Male,36,0.01
2021,Male,37,0.0101
2021,Male,38,0.0084
2021,Male,39,0.0071
2021,Male,40,0.007
2021,Male,41,0.0068
2021,Male,42,0.0078
2021,Male,43,0.0046
2021,Male,44,0.0059
2021,Male,45,0.0038
2021,Male,46,0.0051
2021,Male,47,0.0042
2021,Male,48,0.0048
2021,Male,49,0.003
2021,Male,50,0.0009
2021,Male,51,0.0013
2021,Male,52,0.0012
2021,Male,53,0.0008
2021,Male,54,0.0002
2021,Male,55,-0.0013
2021,Male,56,-0.0003
2021,Male,57,-0.0017
2021,Male,58,-0.0032
2021,Male,59,-0.002
2021,Male,60,-0.0124
2021,Male,61,-0.0088
2021,Male,62,-0.0069
2021,Male,63,-0.0102
2021,Male,64,-0.0086
2021,Male,65,-0.0195
2021,Male,66,-0.0122
2021,Male,67,-0.0052
2021,Male,68,-0.004
2021,Male,69,-0.0038
2021,Male,70,-0.0034
2021,Male,71,-0.0025
2021,Male,72,-0.0018
2021,Male,73,-0.0018
2021,Male,74,-0.001
2021,Male,75,-0.0015
2021,Male,76,-0.0007
2021,Male,77,-0.0012
2021,Male,78,-0.0004
2021,Male,79,-0.0009
2021,Male,80,-0.0003
2021,Male,81,-0.0007
2021,Male,82,-0.0002
2021,Male,83,-0.0005
2021,Male,84,-0.0006
2021,Male,85,0.0
2021,Male,86,-0.0003
2021,Male,87,0.0
2021,Male,88,0.0007
2021,Male,89,-0.0003
2021,Male,90,0.0004
2021,Male,91,0.0006
2021,Male,92,0.0016
2021,Male,93,-0.0005
2021,Male,94,-0.0004
2021,Male,95,-0.0005
2021,Male,96,-0.004
2021,Male,97,-0.005
2021,Male,98,0.0015
2021,Male,99,-0.003
2021,Female,1,0.0075
2021,Female,2,0.0069
2021,Female,3,0.0032
2021,Female,4,0.0052
2021,Female,5,0.0062
2021,Female,6,0.0058
2021,Female,7,0.0058
2021,Female,8,0.0055
2021,Female,9,0.0066
2021,Female,10,0.0059
2021,Female,11,0.0073
2021,Female,12,0.0062
2021,Female,13,0.0066
2021,Female,14,0.0077
2021,Female,15,0.0076
2021,Female,16,0.0068
2021,Female,17,0.0071
2021,Female,18,0.0196
2021,Female,19,0.0159
2021,Female,20,0.0109
2021,Female,21,0.0125
2021,Female,22,0.0214
2021,Female,23,0.027
2021,Female,24,0.0274
2021,Female,25,0.029
2021,Female,26,0.0294
2021,Female,27,0.0325
2021,Female,28,0.0273
2021,Female,29,0.0202
2021,Female,30,0.0201
2021,Female,31,0.018
2021,Female,32,0.0177
2021,Female,33,0.0142
2021,Female,34,0.012
2021,Female,35,0.0111
2021,Female,36,0.0091
2021,Female,37,0.0085
2021,Female,38,0.0081
2021,Female,39,0.0077
2021,Female,40,0.008
2021,Female,41,0.0061
2021,Female,42,0.0065
2021,Female,43,0.0059
2021,Female,44,0.0058
2021,Female,45,0.0046
2021,Female,46,0.0049
2021,Female,47,0.0043
2021,Female,48,0.0029
2021,Female,49,0.0027
2021,Female,50,0.0017
2021,Female,51,0.0011
2021,Female,52,0.0007
2021,Female,53,0.0001
2021,Female,54,-0.0016
2021,Female,55,-0.0027
2021,Female,56,-0.0008
2021,Female,57,-0.0022
2021,Female,58,-0.0033
2021,Female,59,-0.0049
2021,Female,60,-0.0059
2021,Female,61,-0.0047
2021,Female,62,-0.0054
2021,Female,63,-0.0052
2021,Female,64,-0.0104
2021,Female,65,-0.008
2021,Female,66,-0.0037
2021,Female,67,-0.0028
2021,Female,68,-0.002
2021,Female,69,-0.0018
2021,Female,70,-0.0017
2021,Female,71,-0.0009
2021,Female,72,-0.0009
2021,Female,73,-0.0001
2021,Female,74,-0.0004
2021,Female,75,-0.0007
2021,Female,76,-0.0008
2021,Female,77,-0.0005
2021,Female,78,-0.0008
2021,Female,79,-0.0006
2021,Female,80,-0.0004
2021,Female,81,-0.0
2021,Female,82,0.0006
2021,Female,83,0.0004
2021,Female,84,-0.0005
2021,Female,85,-0.0003
2021,Female,86,-0.0004
2021,Female,87,-0.0002
2021,Female,88,-0.0008
2021,Female,89,-0.0005
2021,Female,90,-0.0002
2021,Female,91,-0.0012
2021,Female,92,-0.0007
2021,Female,93,-0.001
2021,Female,94,-0.0014
2021,Female,95,-0.0012
2021,Female,96,0.0
2021,Female,97,-0.0006
2021,Female,98,-0.0009
2021,Female,99,-0.0017
