Year,Sex,Age,Population
2004,Male,0,0
2004,Male,1,36701
2004,Male,2,37374
2004,Male,3,37569
2004,Male,4,37949
2004,Male,5,39631
2004,Male,6,40295
2004,Male,7,41098
2004,Male,8,42496
2004,Male,9,42084
2004,Male,10,42954
2004,Male,11,43512
2004,Male,12,45312
2004,Male,13,45818
2004,Male,14,45625
2004,Male,15,44915
2004,Male,16,45099
2004,Male,17,43576
2004,Male,18,43580
2004,Male,19,43185
2004,Male,20,43973
2004,Male,21,43245
2004,Male,22,43853
2004,Male,23,44068
2004,Male,24,44215
2004,Male,25,43969
2004,Male,26,44224
2004,Male,27,45238
2004,Male,28,45457
2004,Male,29,46537
2004,Male,30,48676
2004,Male,31,49902
2004,Male,32,52284
2004,Male,33,54605
2004,Male,34,55903
2004,Male,35,57936
2004,Male,36,60071
2004,Male,37,61151
2004,Male,38,63373
2004,Male,39,64542
2004,Male,40,65822
2004,Male,41,64292
2004,Male,42,62374
2004,Male,43,60397
2004,Male,44,59308
2004,Male,45,58008
2004,Male,46,56731
2004,Male,47,55730
2004,Male,48,54840
2004,Male,49,52579
2004,Male,50,51027
2004,Male,51,49442
2004,Male,52,49484
2004,Male,53,47763
2004,Male,54,49457
2004,Male,55,48664
2004,Male,56,49026
2004,Male,57,48251
2004,Male,58,48064
2004,Male,59,46400
2004,Male,60,45208
2004,Male,61,43316
2004,Male,62,41259
2004,Male,63,37829
2004,Male,64,34528
2004,Male,65,33479
2004,Male,66,32057
2004,Male,67,30310
2004,Male,68,30062
2004,Male,69,29485
2004,Male,70,28498
2004,Male,71,26753
2004,Male,72,26203
2004,Male,73,25015
2004,Male,74,24119
2004,Male,75,22487
2004,Male,76,21233
2004,Male,77,20008
2004,Male,78,18990
2004,Male,79,17948
2004,Male,80,16350
2004,Male,81,15600
2004,Male,82,13952
2004,Male,83,13379
2004,Male,84,11840
2004,Male,85,8999
2004,Male,86,7764
2004,Male,87,6633
2004,Male,88,5819
2004,Male,89,4901
2004,Male,90,4520
2004,Male,91,3618
2004,Male,92,2861
2004,Male,93,2020
2004,Male,94,1559
2004,Male,95,1135
2004,Male,96,800
2004,Male,97,519
2004,Male,98,345
2004,Male,99,484
2004,Female,0,0
2004,Female,1,34819
2004,Female,2,35074
2004,Female,3,35498
2004,Female,4,35693
2004,Female,5,37403
2004,Female,6,38253
2004,Female,7,38880
2004,Female,8,40148
2004,Female,9,39954
2004,Female,10,40736
2004,Female,11,41321
2004,Female,12,43272
2004,Female,13,43269
2004,Female,14,43273
2004,Female,15,42637
2004,Female,16,42667
2004,Female,17,41262
2004,Female,18,41579
2004,Female,19,41625
2004,Female,20,41685
2004,Female,21,41816
2004,Female,22,43474
2004,Female,23,43259
2004,Female,24,44393
2004,Female,25,44305
2004,Female,26,44552
2004,Female,27,45536
2004,Female,28,46574
2004,Female,29,47251
2004,Female,30,49248
2004,Female,31,50627
2004,Female,32,52677
2004,Female,33,55453
2004,Female,34,56593
2004,Female,35,58920
2004,Female,36,60503
2004,Female,37,61468
2004,Female,38,63053
2004,Female,39,63320
2004,Female,40,64501
2004,Female,41,63333
2004,Female,42,61344
2004,Female,43,59761
2004,Female,44,58579
2004,Female,45,57214
2004,Female,46,55205
2004,Female,47,54553
2004,Female,48,52999
2004,Female,49,51519
2004,Female,50,50715
2004,Female,51,49494
2004,Female,52,49528
2004,Female,53,47533
2004,Female,54,48814
2004,Female,55,48538
2004,Female,56,49326
2004,Female,57,48325
2004,Female,58,48077
2004,Female,59,45817
2004,Female,60,45493
2004,Female,61,44151
2004,Female,62,42132
2004,Female,63,39781
2004,Female,64,37167
2004,Female,65,36165
2004,Female,66,35158
2004,Female,67,33733
2004,Female,68,34260
2004,Female,69,33793
2004,Female,70,33203
2004,Female,71,32534
2004,Female,72,32076
2004,Female,73,31329
2004,Female,74,31405
2004,Female,75,30498
2004,Female,76,29559
2004,Female,77,28251
2004,Female,78,28159
2004,Female,79,27317
2004,Female,80,26393
2004,Female,81,25052
2004,Female,82,23440
2004,Female,83,23202
2004,Female,84,20925
2004,Female,85,16848
2004,Female,86,14945
2004,Female,87,13591
2004,Female,88,12347
2004,Female,89,11122
2004,Female,90,10863
2004,Female,91,9188
2004,Female,92,7821
2004,Female,93,6201
2004,Female,94,4941
2004,Female,95,3643
2004,Female,96,2847
2004,Female,97,1974
2004,Female,98,1326
2004,Female,99,2531
2005,Male,0,0
2005,Male,1,37277
2005,Male,2,36832
2005,Male,3,37697
2005,Male,4,37867
2005,Male,5,38250
2005,Male,6,39929
2005,Male,7,40542
2005,Male,8,41377
2005,Male,9,42661
2005,Male,10,42366
2005,Male,11,43263
2005,Male,12,43727
2005,Male,13,45509
2005,Male,14,46144
2005,Male,15,46003
2005,Male,16,45250
2005,Male,17,45444
2005,Male,18,43860
2005,Male,19,43899
2005,Male,20,43505
2005,Male,21,44418
2005,Male,22,43783
2005,Male,23,44357
2005,Male,24,44705
2005,Male,25,44997
2005,Male,26,44813
2005,Male,27,45157
2005,Male,28,46155
2005,Male,29,46456
2005,Male,30,47466
2005,Male,31,49582
2005,Male,32,50668
2005,Male,33,52967
2005,Male,34,55233
2005,Male,35,56529
2005,Male,36,58447
2005,Male,37,60516
2005,Male,38,61529
2005,Male,39,63729
2005,Male,40,64854
2005,Male,41,66051
2005,Male,42,64487
2005,Male,43,62533
2005,Male,44,60539
2005,Male,45,59441
2005,Male,46,58058
2005,Male,47,56683
2005,Male,48,55636
2005,Male,49,54828
2005,Male,50,52569
2005,Male,51,50932
2005,Male,52,49243
2005,Male,53,49280
2005,Male,54,47544
2005,Male,55,49189
2005,Male,56,48327
2005,Male,57,48653
2005,Male,58,47868
2005,Male,59,47628
2005,Male,60,45948
2005,Male,61,44693
2005,Male,62,42767
2005,Male,63,40698
2005,Male,64,37278
2005,Male,65,33980
2005,Male,66,32706
2005,Male,67,31397
2005,Male,68,29731
2005,Male,69,29451
2005,Male,70,28901
2005,Male,71,27882
2005,Male,72,26123
2005,Male,73,25574
2005,Male,74,24313
2005,Male,75,23325
2005,Male,76,21715
2005,Male,77,20476
2005,Male,78,19156
2005,Male,79,18168
2005,Male,80,17063
2005,Male,81,15396
2005,Male,82,14566
2005,Male,83,12940
2005,Male,84,12286
2005,Male,85,10780
2005,Male,86,8099
2005,Male,87,6919
2005,Male,88,5793
2005,Male,89,5021
2005,Male,90,4168
2005,Male,91,3735
2005,Male,92,2928
2005,Male,93,2302
2005,Male,94,1611
2005,Male,95,1190
2005,Male,96,846
2005,Male,97,585
2005,Male,98,359
2005,Male,99,575
2005,Female,0,0
2005,Female,1,35586
2005,Female,2,34908
2005,Female,3,35387
2005,Female,4,35606
2005,Female,5,35953
2005,Female,6,37653
2005,Female,7,38396
2005,Female,8,39089
2005,Female,9,40357
2005,Female,10,40177
2005,Female,11,40975
2005,Female,12,41501
2005,Female,13,43450
2005,Female,14,43463
2005,Female,15,43461
2005,Female,16,42880
2005,Female,17,42958
2005,Female,18,41558
2005,Female,19,42024
2005,Female,20,42261
2005,Female,21,42477
2005,Female,22,42681
2005,Female,23,44259
2005,Female,24,44237
2005,Female,25,45437
2005,Female,26,45403
2005,Female,27,45597
2005,Female,28,46681
2005,Female,29,47593
2005,Female,30,48306
2005,Female,31,50158
2005,Female,32,51336
2005,Female,33,53413
2005,Female,34,55971
2005,Female,35,57024
2005,Female,36,59396
2005,Female,37,60882
2005,Female,38,61883
2005,Female,39,63284
2005,Female,40,63580
2005,Female,41,64674
2005,Female,42,63460
2005,Female,43,61482
2005,Female,44,59921
2005,Female,45,58627
2005,Female,46,57351
2005,Female,47,55189
2005,Female,48,54573
2005,Female,49,52957
2005,Female,50,51458
2005,Female,51,50689
2005,Female,52,49362
2005,Female,53,49376
2005,Female,54,47371
2005,Female,55,48651
2005,Female,56,48300
2005,Female,57,49093
2005,Female,58,48030
2005,Female,59,47812
2005,Female,60,45502
2005,Female,61,45179
2005,Female,62,43835
2005,Female,63,41818
2005,Female,64,39397
2005,Female,65,36796
2005,Female,66,35833
2005,Female,67,34827
2005,Female,68,33426
2005,Female,69,33915
2005,Female,70,33477
2005,Female,71,32824
2005,Female,72,32111
2005,Female,73,31632
2005,Female,74,30867
2005,Female,75,30920
2005,Female,76,29919
2005,Female,77,28943
2005,Female,78,27609
2005,Female,79,27413
2005,Female,80,26497
2005,Female,81,25489
2005,Female,82,24051
2005,Female,83,22394
2005,Female,84,21964
2005,Female,85,19652
2005,Female,86,15666
2005,Female,87,13676
2005,Female,88,12368
2005,Female,89,11047
2005,Female,90,9764
2005,Female,91,9414
2005,Female,92,7752
2005,Female,93,6513
2005,Female,94,5112
2005,Female,95,3969
2005,Female,96,2868
2005,Female,97,2162
2005,Female,98,1480
2005,Female,99,2708
2006,Male,0,0
2006,Male,1,37338
2006,Male,2,37389
2006,Male,3,37068
2006,Male,4,37893
2006,Male,5,38046
2006,Male,6,38478
2006,Male,7,40073
2006,Male,8,40722
2006,Male,9,41548
2006,Male,10,42858
2006,Male,11,42597
2006,Male,12,43459
2006,Male,13,43944
2006,Male,14,45744
2006,Male,15,46355
2006,Male,16,46275
2006,Male,17,45611
2006,Male,18,45686
2006,Male,19,44082
2006,Male,20,44260
2006,Male,21,43925
2006,Male,22,44844
2006,Male,23,44213
2006,Male,24,45058
2006,Male,25,45388
2006,Male,26,45818
2006,Male,27,45681
2006,Male,28,46124
2006,Male,29,47065
2006,Male,30,47319
2006,Male,31,48227
2006,Male,32,50298
2006,Male,33,51291
2006,Male,34,53576
2006,Male,35,55697
2006,Male,36,56979
2006,Male,37,58843
2006,Male,38,60843
2006,Male,39,61801
2006,Male,40,64034
2006,Male,41,65092
2006,Male,42,66308
2006,Male,43,64710
2006,Male,44,62517
2006,Male,45,60562
2006,Male,46,59516
2006,Male,47,58089
2006,Male,48,56625
2006,Male,49,55609
2006,Male,50,54721
2006,Male,51,52500
2006,Male,52,50727
2006,Male,53,49055
2006,Male,54,49019
2006,Male,55,47259
2006,Male,56,48884
2006,Male,57,47928
2006,Male,58,48239
2006,Male,59,47442
2006,Male,60,47083
2006,Male,61,45343
2006,Male,62,44093
2006,Male,63,42173
2006,Male,64,40087
2006,Male,65,36726
2006,Male,66,33230
2006,Male,67,32101
2006,Male,68,30879
2006,Male,69,29178
2006,Male,70,28841
2006,Male,71,28304
2006,Male,72,27222
2006,Male,73,25450
2006,Male,74,24923
2006,Male,75,23591
2006,Male,76,22532
2006,Male,77,20933
2006,Male,78,19626
2006,Male,79,18272
2006,Male,80,17254
2006,Male,81,16075
2006,Male,82,14365
2006,Male,83,13484
2006,Male,84,11876
2006,Male,85,11146
2006,Male,86,9679
2006,Male,87,7161
2006,Male,88,6033
2006,Male,89,5003
2006,Male,90,4247
2006,Male,91,3443
2006,Male,92,3032
2006,Male,93,2315
2006,Male,94,1787
2006,Male,95,1224
2006,Male,96,878
2006,Male,97,597
2006,Male,98,411
2006,Male,99,653
2006,Female,0,0
2006,Female,1,35207
2006,Female,2,35628
2006,Female,3,35099
2006,Female,4,35587
2006,Female,5,35789
2006,Female,6,36122
2006,Female,7,37804
2006,Female,8,38543
2006,Female,9,39255
2006,Female,10,40528
2006,Female,11,40307
2006,Female,12,41164
2006,Female,13,41653
2006,Female,14,43651
2006,Female,15,43671
2006,Female,16,43677
2006,Female,17,43240
2006,Female,18,43225
2006,Female,19,42040
2006,Female,20,42719
2006,Female,21,42911
2006,Female,22,43095
2006,Female,23,43374
2006,Female,24,45074
2006,Female,25,45026
2006,Female,26,46364
2006,Female,27,46505
2006,Female,28,46543
2006,Female,29,47578
2006,Female,30,48426
2006,Female,31,48974
2006,Female,32,50835
2006,Female,33,51866
2006,Female,34,53990
2006,Female,35,56386
2006,Female,36,57289
2006,Female,37,59766
2006,Female,38,61199
2006,Female,39,62080
2006,Female,40,63404
2006,Female,41,63762
2006,Female,42,64783
2006,Female,43,63632
2006,Female,44,61529
2006,Female,45,59985
2006,Female,46,58674
2006,Female,47,57421
2006,Female,48,55179
2006,Female,49,54488
2006,Female,50,52792
2006,Female,51,51345
2006,Female,52,50531
2006,Female,53,49239
2006,Female,54,49206
2006,Female,55,47206
2006,Female,56,48434
2006,Female,57,48076
2006,Female,58,48819
2006,Female,59,47728
2006,Female,60,47481
2006,Female,61,45156
2006,Female,62,44845
2006,Female,63,43482
2006,Female,64,41480
2006,Female,65,39039
2006,Female,66,36429
2006,Female,67,35506
2006,Female,68,34545
2006,Female,69,33140
2006,Female,70,33588
2006,Female,71,33114
2006,Female,72,32447
2006,Female,73,31717
2006,Female,74,31204
2006,Female,75,30412
2006,Female,76,30373
2006,Female,77,29326
2006,Female,78,28298
2006,Female,79,26945
2006,Female,80,26657
2006,Female,81,25575
2006,Female,82,24464
2006,Female,83,22956
2006,Female,84,21183
2006,Female,85,20664
2006,Female,86,18294
2006,Female,87,14404
2006,Female,88,12403
2006,Female,89,11119
2006,Female,90,9740
2006,Female,91,8463
2006,Female,92,8001
2006,Female,93,6463
2006,Female,94,5293
2006,Female,95,4133
2006,Female,96,3068
2006,Female,97,2188
2006,Female,98,1611
2006,Female,99,2997
2007,Male,0,0
2007,Male,1,37576
2007,Male,2,37557
2007,Male,3,37644
2007,Male,4,37267
2007,Male,5,38124
2007,Male,6,38309
2007,Male,7,38718
2007,Male,8,40271
2007,Male,9,40911
2007,Male,10,41800
2007,Male,11,43099
2007,Male,12,42835
2007,Male,13,43657
2007,Male,14,44202
2007,Male,15,46024
2007,Male,16,46675
2007,Male,17,46619
2007,Male,18,45850
2007,Male,19,45957
2007,Male,20,44361
2007,Male,21,44688
2007,Male,22,44303
2007,Male,23,45314
2007,Male,24,44772
2007,Male,25,45821
2007,Male,26,46150
2007,Male,27,46705
2007,Male,28,46641
2007,Male,29,47121
2007,Male,30,47927
2007,Male,31,48128
2007,Male,32,49074
2007,Male,33,51049
2007,Male,34,51957
2007,Male,35,54217
2007,Male,36,56238
2007,Male,37,57488
2007,Male,38,59289
2007,Male,39,61218
2007,Male,40,62193
2007,Male,41,64323
2007,Male,42,65318
2007,Male,43,66618
2007,Male,44,64896
2007,Male,45,62714
2007,Male,46,60621
2007,Male,47,59601
2007,Male,48,58154
2007,Male,49,56611
2007,Male,50,55523
2007,Male,51,54658
2007,Male,52,52310
2007,Male,53,50529
2007,Male,54,48868
2007,Male,55,48757
2007,Male,56,46983
2007,Male,57,48461
2007,Male,58,47481
2007,Male,59,47777
2007,Male,60,46967
2007,Male,61,46403
2007,Male,62,44769
2007,Male,63,43486
2007,Male,64,41577
2007,Male,65,39561
2007,Male,66,36045
2007,Male,67,32618
2007,Male,68,31573
2007,Male,69,30340
2007,Male,70,28658
2007,Male,71,28252
2007,Male,72,27704
2007,Male,73,26604
2007,Male,74,24807
2007,Male,75,24226
2007,Male,76,22802
2007,Male,77,21759
2007,Male,78,20075
2007,Male,79,18750
2007,Male,80,17345
2007,Male,81,16315
2007,Male,82,15057
2007,Male,83,13301
2007,Male,84,12406
2007,Male,85,10881
2007,Male,86,10072
2007,Male,87,8643
2007,Male,88,6220
2007,Male,89,5179
2007,Male,90,4239
2007,Male,91,3552
2007,Male,92,2773
2007,Male,93,2473
2007,Male,94,1828
2007,Male,95,1366
2007,Male,96,938
2007,Male,97,634
2007,Male,98,437
2007,Male,99,772
2007,Female,0,0
2007,Female,1,35467
2007,Female,2,35447
2007,Female,3,35923
2007,Female,4,35262
2007,Female,5,35766
2007,Female,6,35934
2007,Female,7,36316
2007,Female,8,38045
2007,Female,9,38759
2007,Female,10,39454
2007,Female,11,40703
2007,Female,12,40458
2007,Female,13,41371
2007,Female,14,41882
2007,Female,15,43889
2007,Female,16,43948
2007,Female,17,44006
2007,Female,18,43433
2007,Female,19,43666
2007,Female,20,42654
2007,Female,21,43461
2007,Female,22,43555
2007,Female,23,43758
2007,Female,24,44181
2007,Female,25,45843
2007,Female,26,46013
2007,Female,27,47358
2007,Female,28,47561
2007,Female,29,47735
2007,Female,30,48559
2007,Female,31,49326
2007,Female,32,49820
2007,Female,33,51413
2007,Female,34,52368
2007,Female,35,54416
2007,Female,36,56820
2007,Female,37,57601
2007,Female,38,60073
2007,Female,39,61381
2007,Female,40,62270
2007,Female,41,63619
2007,Female,42,63927
2007,Female,43,64888
2007,Female,44,63731
2007,Female,45,61651
2007,Female,46,60082
2007,Female,47,58704
2007,Female,48,57411
2007,Female,49,55180
2007,Female,50,54449
2007,Female,51,52681
2007,Female,52,51217
2007,Female,53,50388
2007,Female,54,49009
2007,Female,55,49017
2007,Female,56,46976
2007,Female,57,48129
2007,Female,58,47777
2007,Female,59,48478
2007,Female,60,47406
2007,Female,61,47168
2007,Female,62,44873
2007,Female,63,44503
2007,Female,64,43138
2007,Female,65,41065
2007,Female,66,38726
2007,Female,67,36145
2007,Female,68,35249
2007,Female,69,34209
2007,Female,70,32808
2007,Female,71,33234
2007,Female,72,32738
2007,Female,73,32047
2007,Female,74,31253
2007,Female,75,30722
2007,Female,76,29894
2007,Female,77,29768
2007,Female,78,28635
2007,Female,79,27601
2007,Female,80,26163
2007,Female,81,25815
2007,Female,82,24656
2007,Female,83,23478
2007,Female,84,21844
2007,Female,85,19955
2007,Female,86,19191
2007,Female,87,16927
2007,Female,88,13121
2007,Female,89,11139
2007,Female,90,9846
2007,Female,91,8460
2007,Female,92,7256
2007,Female,93,6701
2007,Female,94,5338
2007,Female,95,4302
2007,Female,96,3260
2007,Female,97,2400
2007,Female,98,1678
2007,Female,99,3459
2008,Male,0,0
2008,Male,1,38092
2008,Male,2,37718
2008,Male,3,38092
2008,Male,4,38127
2008,Male,5,37680
2008,Male,6,38526
2008,Male,7,38690
2008,Male,8,39144
2008,Male,9,40633
2008,Male,10,41269
2008,Male,11,42130
2008,Male,12,43461
2008,Male,13,43165
2008,Male,14,44018
2008,Male,15,44598
2008,Male,16,46431
2008,Male,17,47057
2008,Male,18,47014
2008,Male,19,46260
2008,Male,20,46543
2008,Male,21,45083
2008,Male,22,45469
2008,Male,23,45171
2008,Male,24,46532
2008,Male,25,46057
2008,Male,26,47405
2008,Male,27,47888
2008,Male,28,48786
2008,Male,29,48435
2008,Male,30,48887
2008,Male,31,49613
2008,Male,32,49736
2008,Male,33,50553
2008,Male,34,52446
2008,Male,35,53182
2008,Male,36,55318
2008,Male,37,57238
2008,Male,38,58481
2008,Male,39,60197
2008,Male,40,62084
2008,Male,41,62955
2008,Male,42,65176
2008,Male,43,65926
2008,Male,44,67274
2008,Male,45,65400
2008,Male,46,63234
2008,Male,47,61115
2008,Male,48,59887
2008,Male,49,58322
2008,Male,50,56730
2008,Male,51,55515
2008,Male,52,54654
2008,Male,53,52229
2008,Male,54,50449
2008,Male,55,48611
2008,Male,56,48461
2008,Male,57,46723
2008,Male,58,48132
2008,Male,59,47060
2008,Male,60,47316
2008,Male,61,46407
2008,Male,62,45882
2008,Male,63,44132
2008,Male,64,42906
2008,Male,65,41024
2008,Male,66,38784
2008,Male,67,35460
2008,Male,68,32113
2008,Male,69,31023
2008,Male,70,29816
2008,Male,71,28115
2008,Male,72,27670
2008,Male,73,27010
2008,Male,74,25983
2008,Male,75,24117
2008,Male,76,23526
2008,Male,77,22037
2008,Male,78,20961
2008,Male,79,19264
2008,Male,80,17845
2008,Male,81,16342
2008,Male,82,15339
2008,Male,83,14041
2008,Male,84,12291
2008,Male,85,11320
2008,Male,86,9854
2008,Male,87,8952
2008,Male,88,7539
2008,Male,89,5372
2008,Male,90,4398
2008,Male,91,3527
2008,Male,92,2864
2008,Male,93,2207
2008,Male,94,1973
2008,Male,95,1416
2008,Male,96,1047
2008,Male,97,703
2008,Male,98,473
2008,Male,99,903
2008,Female,0,0
2008,Female,1,36183
2008,Female,2,35461
2008,Female,3,35917
2008,Female,4,36290
2008,Female,5,35647
2008,Female,6,36124
2008,Female,7,36213
2008,Female,8,36677
2008,Female,9,38400
2008,Female,10,39081
2008,Female,11,39775
2008,Female,12,40970
2008,Female,13,40830
2008,Female,14,41641
2008,Female,15,42214
2008,Female,16,44210
2008,Female,17,44323
2008,Female,18,44315
2008,Female,19,43929
2008,Female,20,44538
2008,Female,21,43643
2008,Female,22,44418
2008,Female,23,44645
2008,Female,24,45121
2008,Female,25,45610
2008,Female,26,47445
2008,Female,27,47728
2008,Female,28,49103
2008,Female,29,49216
2008,Female,30,49266
2008,Female,31,49985
2008,Female,32,50524
2008,Female,33,51018
2008,Female,34,52387
2008,Female,35,53266
2008,Female,36,55071
2008,Female,37,57590
2008,Female,38,58223
2008,Female,39,60691
2008,Female,40,61959
2008,Female,41,62732
2008,Female,42,64029
2008,Female,43,64307
2008,Female,44,65336
2008,Female,45,64057
2008,Female,46,61851
2008,Female,47,60270
2008,Female,48,58867
2008,Female,49,57531
2008,Female,50,55246
2008,Female,51,54419
2008,Female,52,52611
2008,Female,53,51070
2008,Female,54,50244
2008,Female,55,48901
2008,Female,56,48742
2008,Female,57,46761
2008,Female,58,47850
2008,Female,59,47501
2008,Female,60,48163
2008,Female,61,47082
2008,Female,62,46893
2008,Female,63,44533
2008,Female,64,44176
2008,Female,65,42786
2008,Female,66,40723
2008,Female,67,38450
2008,Female,68,35846
2008,Female,69,34935
2008,Female,70,33894
2008,Female,71,32497
2008,Female,72,32835
2008,Female,73,32338
2008,Female,74,31593
2008,Female,75,30762
2008,Female,76,30235
2008,Female,77,29321
2008,Female,78,29118
2008,Female,79,27994
2008,Female,80,26804
2008,Female,81,25355
2008,Female,82,24868
2008,Female,83,23538
2008,Female,84,22279
2008,Female,85,20609
2008,Female,86,18679
2008,Female,87,17758
2008,Female,88,15443
2008,Female,89,11807
2008,Female,90,9917
2008,Female,91,8575
2008,Female,92,7222
2008,Female,93,6130
2008,Female,94,5512
2008,Female,95,4288
2008,Female,96,3368
2008,Female,97,2527
2008,Female,98,1841
2008,Female,99,3814
2009,Male,0,0
2009,Male,1,39355
2009,Male,2,38536
2009,Male,3,38356
2009,Male,4,38665
2009,Male,5,38669
2009,Male,6,38137
2009,Male,7,38978
2009,Male,8,39186
2009,Male,9,39601
2009,Male,10,41111
2009,Male,11,41775
2009,Male,12,42564
2009,Male,13,43916
2009,Male,14,43613
2009,Male,15,44559
2009,Male,16,45104
2009,Male,17,46898
2009,Male,18,47497
2009,Male,19,47510
2009,Male,20,46922
2009,Male,21,47432
2009,Male,22,46076
2009,Male,23,46527
2009,Male,24,46678
2009,Male,25,48259
2009,Male,26,47840
2009,Male,27,49431
2009,Male,28,50142
2009,Male,29,50996
2009,Male,30,50536
2009,Male,31,50880
2009,Male,32,51334
2009,Male,33,51350
2009,Male,34,52119
2009,Male,35,53890
2009,Male,36,54418
2009,Male,37,56559
2009,Male,38,58393
2009,Male,39,59600
2009,Male,40,61313
2009,Male,41,63104
2009,Male,42,63876
2009,Male,43,65991
2009,Male,44,66762
2009,Male,45,67961
2009,Male,46,66051
2009,Male,47,63860
2009,Male,48,61593
2009,Male,49,60283
2009,Male,50,58634
2009,Male,51,56984
2009,Male,52,55815
2009,Male,53,54784
2009,Male,54,52288
2009,Male,55,50473
2009,Male,56,48567
2009,Male,57,48333
2009,Male,58,46569
2009,Male,59,47873
2009,Male,60,46752
2009,Male,61,46861
2009,Male,62,46048
2009,Male,63,45416
2009,Male,64,43588
2009,Male,65,42352
2009,Male,66,40289
2009,Male,67,38208
2009,Male,68,34906
2009,Male,69,31557
2009,Male,70,30475
2009,Male,71,29276
2009,Male,72,27541
2009,Male,73,27065
2009,Male,74,26395
2009,Male,75,25270
2009,Male,76,23413
2009,Male,77,22734
2009,Male,78,21189
2009,Male,79,20143
2009,Male,80,18385
2009,Male,81,16954
2009,Male,82,15369
2009,Male,83,14280
2009,Male,84,12992
2009,Male,85,11244
2009,Male,86,10201
2009,Male,87,8789
2009,Male,88,7900
2009,Male,89,6518
2009,Male,90,4574
2009,Male,91,3621
2009,Male,92,2879
2009,Male,93,2286
2009,Male,94,1735
2009,Male,95,1520
2009,Male,96,1080
2009,Male,97,790
2009,Male,98,529
2009,Male,99,1025
2009,Female,0,0
2009,Female,1,36961
2009,Female,2,36733
2009,Female,3,36150
2009,Female,4,36379
2009,Female,5,36763
2009,Female,6,36152
2009,Female,7,36555
2009,Female,8,36667
2009,Female,9,37135
2009,Female,10,38889
2009,Female,11,39496
2009,Female,12,40178
2009,Female,13,41400
2009,Female,14,41288
2009,Female,15,41977
2009,Female,16,42539
2009,Female,17,44651
2009,Female,18,44711
2009,Female,19,44947
2009,Female,20,44854
2009,Female,21,45760
2009,Female,22,44705
2009,Female,23,45701
2009,Female,24,46145
2009,Female,25,46876
2009,Female,26,47371
2009,Female,27,49476
2009,Female,28,49978
2009,Female,29,51117
2009,Female,30,50999
2009,Female,31,50852
2009,Female,32,51500
2009,Female,33,51976
2009,Female,34,52268
2009,Female,35,53455
2009,Female,36,54264
2009,Female,37,55980
2009,Female,38,58488
2009,Female,39,59081
2009,Female,40,61331
2009,Female,41,62674
2009,Female,42,63435
2009,Female,43,64641
2009,Female,44,64770
2009,Female,45,65858
2009,Female,46,64492
2009,Female,47,62235
2009,Female,48,60648
2009,Female,49,59205
2009,Female,50,57755
2009,Female,51,55406
2009,Female,52,54529
2009,Female,53,52692
2009,Female,54,51150
2009,Female,55,50242
2009,Female,56,48767
2009,Female,57,48705
2009,Female,58,46628
2009,Female,59,47650
2009,Female,60,47272
2009,Female,61,47892
2009,Female,62,46824
2009,Female,63,46566
2009,Female,64,44241
2009,Female,65,43843
2009,Female,66,42487
2009,Female,67,40415
2009,Female,68,38177
2009,Female,69,35555
2009,Female,70,34622
2009,Female,71,33574
2009,Female,72,32142
2009,Female,73,32462
2009,Female,74,31935
2009,Female,75,31137
2009,Female,76,30229
2009,Female,77,29669
2009,Female,78,28704
2009,Female,79,28504
2009,Female,80,27255
2009,Female,81,25953
2009,Female,82,24461
2009,Female,83,23822
2009,Female,84,22455
2009,Female,85,21002
2009,Female,86,19162
2009,Female,87,17316
2009,Female,88,16216
2009,Female,89,13908
2009,Female,90,10534
2009,Female,91,8598
2009,Female,92,7359
2009,Female,93,6062
2009,Female,94,4984
2009,Female,95,4458
2009,Female,96,3407
2009,Female,97,2585
2009,Female,98,1895
2009,Female,99,4269
2010,Male,0,0
2010,Male,1,40147
2010,Male,2,39763
2010,Male,3,39103
2010,Male,4,38702
2010,Male,5,39086
2010,Male,6,39064
2010,Male,7,38503
2010,Male,8,39322
2010,Male,9,39524
2010,Male,10,39993
2010,Male,11,41447
2010,Male,12,42217
2010,Male,13,42923
2010,Male,14,44258
2010,Male,15,44013
2010,Male,16,44951
2010,Male,17,45445
2010,Male,18,47264
2010,Male,19,47921
2010,Male,20,48008
2010,Male,21,47575
2010,Male,22,48093
2010,Male,23,46769
2010,Male,24,47600
2010,Male,25,47861
2010,Male,26,49568
2010,Male,27,49303
2010,Male,28,50989
2010,Male,29,51658
2010,Male,30,52525
2010,Male,31,51859
2010,Male,32,52022
2010,Male,33,52584
2010,Male,34,52358
2010,Male,35,53084
2010,Male,36,54719
2010,Male,37,55111
2010,Male,38,57338
2010,Male,39,59045
2010,Male,40,60227
2010,Male,41,61842
2010,Male,42,63642
2010,Male,43,64282
2010,Male,44,66489
2010,Male,45,67171
2010,Male,46,68381
2010,Male,47,66445
2010,Male,48,64091
2010,Male,49,61853
2010,Male,50,60392
2010,Male,51,58720
2010,Male,52,57022
2010,Male,53,55754
2010,Male,54,54712
2010,Male,55,52149
2010,Male,56,50278
2010,Male,57,48431
2010,Male,58,48120
2010,Male,59,46330
2010,Male,60,47539
2010,Male,61,46244
2010,Male,62,46398
2010,Male,63,45600
2010,Male,64,44877
2010,Male,65,43037
2010,Male,66,41583
2010,Male,67,39688
2010,Male,68,37620
2010,Male,69,34377
2010,Male,70,30986
2010,Male,71,29917
2010,Male,72,28678
2010,Male,73,26949
2010,Male,74,26393
2010,Male,75,25692
2010,Male,76,24547
2010,Male,77,22622
2010,Male,78,21865
2010,Male,79,20312
2010,Male,80,19288
2010,Male,81,17411
2010,Male,82,15949
2010,Male,83,14327
2010,Male,84,13203
2010,Male,85,11923
2010,Male,86,10189
2010,Male,87,9108
2010,Male,88,7756
2010,Male,89,6831
2010,Male,90,5557
2010,Male,91,3812
2010,Male,92,2937
2010,Male,93,2291
2010,Male,94,1841
2010,Male,95,1362
2010,Male,96,1193
2010,Male,97,811
2010,Male,98,596
2010,Male,99,1211
2010,Female,0,0
2010,Female,1,37639
2010,Female,2,37310
2010,Female,3,37211
2010,Female,4,36531
2010,Female,5,36678
2010,Female,6,37106
2010,Female,7,36496
2010,Female,8,36873
2010,Female,9,37010
2010,Female,10,37485
2010,Female,11,39219
2010,Female,12,39830
2010,Female,13,40503
2010,Female,14,41689
2010,Female,15,41576
2010,Female,16,42239
2010,Female,17,42919
2010,Female,18,44982
2010,Female,19,45329
2010,Female,20,45846
2010,Female,21,45895
2010,Female,22,46669
2010,Female,23,45758
2010,Female,24,47096
2010,Female,25,47555
2010,Female,26,48448
2010,Female,27,49084
2010,Female,28,51265
2010,Female,29,51685
2010,Female,30,52654
2010,Female,31,52419
2010,Female,32,52077
2010,Female,33,52656
2010,Female,34,52958
2010,Female,35,53166
2010,Female,36,54300
2010,Female,37,54933
2010,Female,38,56611
2010,Female,39,59041
2010,Female,40,59618
2010,Female,41,61805
2010,Female,42,63169
2010,Female,43,63893
2010,Female,44,65047
2010,Female,45,65159
2010,Female,46,66245
2010,Female,47,64817
2010,Female,48,62442
2010,Female,49,60899
2010,Female,50,59328
2010,Female,51,57869
2010,Female,52,55449
2010,Female,53,54598
2010,Female,54,52677
2010,Female,55,51102
2010,Female,56,50103
2010,Female,57,48600
2010,Female,58,48540
2010,Female,59,46437
2010,Female,60,47462
2010,Female,61,46993
2010,Female,62,47648
2010,Female,63,46546
2010,Female,64,46249
2010,Female,65,43938
2010,Female,66,43527
2010,Female,67,42151
2010,Female,68,40007
2010,Female,69,37845
2010,Female,70,35269
2010,Female,71,34277
2010,Female,72,33210
2010,Female,73,31745
2010,Female,74,31990
2010,Female,75,31449
2010,Female,76,30594
2010,Female,77,29623
2010,Female,78,29033
2010,Female,79,28052
2010,Female,80,27798
2010,Female,81,26404
2010,Female,82,25041
2010,Female,83,23462
2010,Female,84,22669
2010,Female,85,21196
2010,Female,86,19632
2010,Female,87,17785
2010,Female,88,15814
2010,Female,89,14589
2010,Female,90,12349
2010,Female,91,9157
2010,Female,92,7320
2010,Female,93,6152
2010,Female,94,4947
2010,Female,95,3948
2010,Female,96,3513
2010,Female,97,2624
2010,Female,98,1962
2010,Female,99,4732
2011,Male,0,0
2011,Male,1,39948
2011,Male,2,40911
2011,Male,3,40657
2011,Male,4,39776
2011,Male,5,39466
2011,Male,6,39510
2011,Male,7,39273
2011,Male,8,38709
2011,Male,9,39436
2011,Male,10,39684
2011,Male,11,42141
2011,Male,12,41730
2011,Male,13,42540
2011,Male,14,43097
2011,Male,15,44428
2011,Male,16,44190
2011,Male,17,45062
2011,Male,18,45704
2011,Male,19,47679
2011,Male,20,48744
2011,Male,21,48995
2011,Male,22,48855
2011,Male,23,49540
2011,Male,24,48726
2011,Male,25,50037
2011,Male,26,50602
2011,Male,27,52214
2011,Male,28,52423
2011,Male,29,53913
2011,Male,30,54364
2011,Male,31,55180
2011,Male,32,53599
2011,Male,33,53254
2011,Male,34,53581
2011,Male,35,53024
2011,Male,36,53201
2011,Male,37,54955
2011,Male,38,55264
2011,Male,39,57475
2011,Male,40,59191
2011,Male,41,60380
2011,Male,42,62060
2011,Male,43,64002
2011,Male,44,64688
2011,Male,45,66958
2011,Male,46,67773
2011,Male,47,68756
2011,Male,48,66710
2011,Male,49,64411
2011,Male,50,62096
2011,Male,51,60644
2011,Male,52,58787
2011,Male,53,57107
2011,Male,54,55623
2011,Male,55,54523
2011,Male,56,51918
2011,Male,57,50006
2011,Male,58,48045
2011,Male,59,47674
2011,Male,60,45831
2011,Male,61,46799
2011,Male,62,45495
2011,Male,63,45646
2011,Male,64,44763
2011,Male,65,44112
2011,Male,66,42111
2011,Male,67,40694
2011,Male,68,38745
2011,Male,69,36771
2011,Male,70,33590
2011,Male,71,30225
2011,Male,72,29190
2011,Male,73,27838
2011,Male,74,26272
2011,Male,75,25583
2011,Male,76,24875
2011,Male,77,23648
2011,Male,78,21711
2011,Male,79,20849
2011,Male,80,19347
2011,Male,81,18194
2011,Male,82,16295
2011,Male,83,14861
2011,Male,84,13206
2011,Male,85,12064
2011,Male,86,10698
2011,Male,87,9087
2011,Male,88,7901
2011,Male,89,6628
2011,Male,90,5677
2011,Male,91,4528
2011,Male,92,3034
2011,Male,93,2222
2011,Male,94,1678
2011,Male,95,1260
2011,Male,96,885
2011,Male,97,734
2011,Male,98,458
2011,Male,99,682
2011,Female,0,0
2011,Female,1,38083
2011,Female,2,38440
2011,Female,3,38136
2011,Female,4,37932
2011,Female,5,37280
2011,Female,6,37264
2011,Female,7,37670
2011,Female,8,36915
2011,Female,9,37201
2011,Female,10,37392
2011,Female,11,39722
2011,Female,12,39822
2011,Female,13,40338
2011,Female,14,41066
2011,Female,15,42249
2011,Female,16,42144
2011,Female,17,42685
2011,Female,18,43380
2011,Female,19,45604
2011,Female,20,46427
2011,Female,21,47151
2011,Female,22,47061
2011,Female,23,48150
2011,Female,24,47603
2011,Female,25,48863
2011,Female,26,49666
2011,Female,27,50680
2011,Female,28,51139
2011,Female,29,53139
2011,Female,30,53212
2011,Female,31,53953
2011,Female,32,53315
2011,Female,33,52681
2011,Female,34,52948
2011,Female,35,53273
2011,Female,36,53117
2011,Female,37,54477
2011,Female,38,55129
2011,Female,39,56806
2011,Female,40,59304
2011,Female,41,60128
2011,Female,42,62263
2011,Female,43,63705
2011,Female,44,64404
2011,Female,45,65484
2011,Female,46,65514
2011,Female,47,66769
2011,Female,48,65175
2011,Female,49,62720
2011,Female,50,60991
2011,Female,51,59403
2011,Female,52,57878
2011,Female,53,55471
2011,Female,54,54352
2011,Female,55,52523
2011,Female,56,50890
2011,Female,57,49810
2011,Female,58,48426
2011,Female,59,48133
2011,Female,60,46103
2011,Female,61,47166
2011,Female,62,46618
2011,Female,63,47205
2011,Female,64,46116
2011,Female,65,45891
2011,Female,66,43451
2011,Female,67,43078
2011,Female,68,41714
2011,Female,69,39646
2011,Female,70,37442
2011,Female,71,34885
2011,Female,72,33881
2011,Female,73,32758
2011,Female,74,31291
2011,Female,75,31525
2011,Female,76,30956
2011,Female,77,30018
2011,Female,78,29030
2011,Female,79,28362
2011,Female,80,27262
2011,Female,81,26940
2011,Female,82,25403
2011,Female,83,23912
2011,Female,84,22236
2011,Female,85,21268
2011,Female,86,19721
2011,Female,87,18024
2011,Female,88,16117
2011,Female,89,14105
2011,Female,90,12764
2011,Female,91,10517
2011,Female,92,7535
2011,Female,93,5867
2011,Female,94,4862
2011,Female,95,3742
2011,Female,96,2880
2011,Female,97,2337
2011,Female,98,1656
2011,Female,99,2968
2012,Male,0,0
2012,Male,1,40424
2012,Male,2,41745
2012,Male,3,41307
2012,Male,4,41004
2012,Male,5,40080
2012,Male,6,39825
2012,Male,7,39869
2012,Male,8,39534
2012,Male,9,39045
2012,Male,10,39718
2012,Male,11,39967
2012,Male,12,42481
2012,Male,13,42071
2012,Male,14,42829
2012,Male,15,43515
2012,Male,16,44730
2012,Male,17,44502
2012,Male,18,45380
2012,Male,19,46350
2012,Male,20,48513
2012,Male,21,49450
2012,Male,22,49672
2012,Male,23,49710
2012,Male,24,50749
2012,Male,25,50089
2012,Male,26,51542
2012,Male,27,52119
2012,Male,28,53876
2012,Male,29,53865
2012,Male,30,55260
2012,Male,31,55618
2012,Male,32,56338
2012,Male,33,54622
2012,Male,34,54319
2012,Male,35,54468
2012,Male,36,53863
2012,Male,37,54093
2012,Male,38,55762
2012,Male,39,55962
2012,Male,40,58067
2012,Male,41,59871
2012,Male,42,61028
2012,Male,43,62625
2012,Male,44,64485
2012,Male,45,65177
2012,Male,46,67289
2012,Male,47,68102
2012,Male,48,69014
2012,Male,49,66946
2012,Male,50,64501
2012,Male,51,62209
2012,Male,52,60678
2012,Male,53,58833
2012,Male,54,57032
2012,Male,55,55505
2012,Male,56,54269
2012,Male,57,51728
2012,Male,58,49757
2012,Male,59,47756
2012,Male,60,47316
2012,Male,61,45247
2012,Male,62,46264
2012,Male,63,44964
2012,Male,64,45101
2012,Male,65,44125
2012,Male,66,43272
2012,Male,67,41371
2012,Male,68,40064
2012,Male,69,38122
2012,Male,70,36171
2012,Male,71,32994
2012,Male,72,29658
2012,Male,73,28604
2012,Male,74,27208
2012,Male,75,25577
2012,Male,76,24863
2012,Male,77,24088
2012,Male,78,22776
2012,Male,79,20865
2012,Male,80,19938
2012,Male,81,18379
2012,Male,82,17161
2012,Male,83,15245
2012,Male,84,13799
2012,Male,85,12158
2012,Male,86,10937
2012,Male,87,9592
2012,Male,88,8035
2012,Male,89,6850
2012,Male,90,5672
2012,Male,91,4733
2012,Male,92,3716
2012,Male,93,2445
2012,Male,94,1715
2012,Male,95,1284
2012,Male,96,921
2012,Male,97,629
2012,Male,98,523
2012,Male,99,733
2012,Female,0,0
2012,Female,1,38002
2012,Female,2,39918
2012,Female,3,38889
2012,Female,4,38518
2012,Female,5,38208
2012,Female,6,37604
2012,Female,7,37581
2012,Female,8,37924
2012,Female,9,37225
2012,Female,10,37538
2012,Female,11,37683
2012,Female,12,40066
2012,Female,13,40128
2012,Female,14,40599
2012,Female,15,41352
2012,Female,16,42535
2012,Female,17,42434
2012,Female,18,42921
2012,Female,19,44028
2012,Female,20,46501
2012,Female,21,47400
2012,Female,22,48114
2012,Female,23,48060
2012,Female,24,49396
2012,Female,25,48962
2012,Female,26,50287
2012,Female,27,51291
2012,Female,28,52367
2012,Female,29,52673
2012,Female,30,54524
2012,Female,31,54558
2012,Female,32,55120
2012,Female,33,54343
2012,Female,34,53574
2012,Female,35,53858
2012,Female,36,54119
2012,Female,37,53805
2012,Female,38,55203
2012,Female,39,55677
2012,Female,40,57339
2012,Female,41,59771
2012,Female,42,60630
2012,Female,43,62590
2012,Female,44,64059
2012,Female,45,64704
2012,Female,46,65759
2012,Female,47,65719
2012,Female,48,66983
2012,Female,49,65310
2012,Female,50,62884
2012,Female,51,61080
2012,Female,52,59469
2012,Female,53,57870
2012,Female,54,55417
2012,Female,55,54264
2012,Female,56,52411
2012,Female,57,50726
2012,Female,58,49634
2012,Female,59,48178
2012,Female,60,47921
2012,Female,61,45853
2012,Female,62,46894
2012,Female,63,46288
2012,Female,64,46864
2012,Female,65,45753
2012,Female,66,45495
2012,Female,67,43095
2012,Female,68,42751
2012,Female,69,41370
2012,Female,70,39298
2012,Female,71,37115
2012,Female,72,34507
2012,Female,73,33533
2012,Female,74,32355
2012,Female,75,30899
2012,Female,76,31019
2012,Female,77,30404
2012,Female,78,29429
2012,Female,79,28401
2012,Female,80,27624
2012,Female,81,26422
2012,Female,82,26040
2012,Female,83,24433
2012,Female,84,22764
2012,Female,85,21083
2012,Female,86,19921
2012,Female,87,18291
2012,Female,88,16490
2012,Female,89,14582
2012,Female,90,12654
2012,Female,91,11159
2012,Female,92,8957
2012,Female,93,6337
2012,Female,94,4826
2012,Female,95,3886
2012,Female,96,2960
2012,Female,97,2174
2012,Female,98,1696
2012,Female,99,3084
2013,Male,0,0
2013,Male,1,41132
2013,Male,2,41786
2013,Male,3,42195
2013,Male,4,41610
2013,Male,5,41384
2013,Male,6,40468
2013,Male,7,40138
2013,Male,8,40145
2013,Male,9,39859
2013,Male,10,39348
2013,Male,11,40006
2013,Male,12,40308
2013,Male,13,42788
2013,Male,14,42374
2013,Male,15,43148
2013,Male,16,43821
2013,Male,17,45074
2013,Male,18,44858
2013,Male,19,46009
2013,Male,20,47154
2013,Male,21,49168
2013,Male,22,50238
2013,Male,23,50625
2013,Male,24,50863
2013,Male,25,52337
2013,Male,26,51601
2013,Male,27,53108
2013,Male,28,53787
2013,Male,29,55381
2013,Male,30,55263
2013,Male,31,56630
2013,Male,32,56765
2013,Male,33,57549
2013,Male,34,55732
2013,Male,35,55285
2013,Male,36,55368
2013,Male,37,54799
2013,Male,38,54856
2013,Male,39,56475
2013,Male,40,56691
2013,Male,41,58704
2013,Male,42,60532
2013,Male,43,61643
2013,Male,44,63205
2013,Male,45,64985
2013,Male,46,65593
2013,Male,47,67638
2013,Male,48,68331
2013,Male,49,69329
2013,Male,50,67181
2013,Male,51,64694
2013,Male,52,62236
2013,Male,53,60671
2013,Male,54,58765
2013,Male,55,56933
2013,Male,56,55372
2013,Male,57,54030
2013,Male,58,51501
2013,Male,59,49410
2013,Male,60,47401
2013,Male,61,46713
2013,Male,62,44768
2013,Male,63,45726
2013,Male,64,44312
2013,Male,65,44470
2013,Male,66,43264
2013,Male,67,42565
2013,Male,68,40746
2013,Male,69,39475
2013,Male,70,37489
2013,Male,71,35525
2013,Male,72,32358
2013,Male,73,29101
2013,Male,74,27983
2013,Male,75,26542
2013,Male,76,24939
2013,Male,77,24103
2013,Male,78,23293
2013,Male,79,21882
2013,Male,80,19967
2013,Male,81,18971
2013,Male,82,17401
2013,Male,83,16088
2013,Male,84,14212
2013,Male,85,12710
2013,Male,86,11072
2013,Male,87,9802
2013,Male,88,8496
2013,Male,89,6983
2013,Male,90,5869
2013,Male,91,4723
2013,Male,92,3885
2013,Male,93,2914
2013,Male,94,1870
2013,Male,95,1283
2013,Male,96,921
2013,Male,97,642
2013,Male,98,415
2013,Male,99,766
2013,Female,0,0
2013,Female,1,38489
2013,Female,2,39399
2013,Female,3,40365
2013,Female,4,39290
2013,Female,5,38799
2013,Female,6,38512
2013,Female,7,37989
2013,Female,8,37878
2013,Female,9,38225
2013,Female,10,37500
2013,Female,11,37816
2013,Female,12,38017
2013,Female,13,40306
2013,Female,14,40381
2013,Female,15,40948
2013,Female,16,41674
2013,Female,17,42833
2013,Female,18,42705
2013,Female,19,43648
2013,Female,20,44928
2013,Female,21,47366
2013,Female,22,48286
2013,Female,23,49079
2013,Female,24,49307
2013,Female,25,50819
2013,Female,26,50334
2013,Female,27,52056
2013,Female,28,52940
2013,Female,29,53837
2013,Female,30,53951
2013,Female,31,55733
2013,Female,32,55760
2013,Female,33,56053
2013,Female,34,55159
2013,Female,35,54495
2013,Female,36,54634
2013,Female,37,54825
2013,Female,38,54469
2013,Female,39,55759
2013,Female,40,56210
2013,Female,41,57761
2013,Female,42,60199
2013,Female,43,61034
2013,Female,44,63031
2013,Female,45,64397
2013,Female,46,65044
2013,Female,47,66043
2013,Female,48,65976
2013,Female,49,67141
2013,Female,50,65433
2013,Female,51,62936
2013,Female,52,61118
2013,Female,53,59457
2013,Female,54,57851
2013,Female,55,55337
2013,Female,56,54169
2013,Female,57,52254
2013,Female,58,50552
2013,Female,59,49403
2013,Female,60,48028
2013,Female,61,47633
2013,Female,62,45600
2013,Female,63,46605
2013,Female,64,45973
2013,Female,65,46424
2013,Female,66,45347
2013,Female,67,45153
2013,Female,68,42742
2013,Female,69,42406
2013,Female,70,40978
2013,Female,71,38896
2013,Female,72,36782
2013,Female,73,34135
2013,Female,74,33105
2013,Female,75,31929
2013,Female,76,30460
2013,Female,77,30503
2013,Female,78,29809
2013,Female,79,28806
2013,Female,80,27672
2013,Female,81,26831
2013,Female,82,25503
2013,Female,83,25003
2013,Female,84,23207
2013,Female,85,21518
2013,Female,86,19741
2013,Female,87,18459
2013,Female,88,16705
2013,Female,89,14929
2013,Female,90,12946
2013,Female,91,10994
2013,Female,92,9526
2013,Female,93,7485
2013,Female,94,5156
2013,Female,95,3842
2013,Female,96,2970
2013,Female,97,2183
2013,Female,98,1547
2013,Female,99,3095
2014,Male,0,0
2014,Male,1,41914
2014,Male,2,42793
2014,Male,3,42281
2014,Male,4,42603
2014,Male,5,42055
2014,Male,6,41913
2014,Male,7,40891
2014,Male,8,40599
2014,Male,9,40579
2014,Male,10,40248
2014,Male,11,39721
2014,Male,12,40429
2014,Male,13,40679
2014,Male,14,43225
2014,Male,15,42792
2014,Male,16,43563
2014,Male,17,44306
2014,Male,18,45580
2014,Male,19,45801
2014,Male,20,47051
2014,Male,21,48006
2014,Male,22,49977
2014,Male,23,51220
2014,Male,24,51983
2014,Male,25,52388
2014,Male,26,53936
2014,Male,27,53407
2014,Male,28,54906
2014,Male,29,55361
2014,Male,30,56912
2014,Male,31,56719
2014,Male,32,57990
2014,Male,33,58017
2014,Male,34,58719
2014,Male,35,56700
2014,Male,36,56263
2014,Male,37,56446
2014,Male,38,55749
2014,Male,39,55644
2014,Male,40,57234
2014,Male,41,57489
2014,Male,42,59540
2014,Male,43,61249
2014,Male,44,62354
2014,Male,45,63837
2014,Male,46,65459
2014,Male,47,66226
2014,Male,48,68097
2014,Male,49,68681
2014,Male,50,69624
2014,Male,51,67418
2014,Male,52,64866
2014,Male,53,62388
2014,Male,54,60729
2014,Male,55,58707
2014,Male,56,56820
2014,Male,57,55266
2014,Male,58,53796
2014,Male,59,51143
2014,Male,60,49100
2014,Male,61,46886
2014,Male,62,46243
2014,Male,63,44252
2014,Male,64,45156
2014,Male,65,43713
2014,Male,66,43572
2014,Male,67,42563
2014,Male,68,42018
2014,Male,69,40145
2014,Male,70,38860
2014,Male,71,36839
2014,Male,72,34899
2014,Male,73,31760
2014,Male,74,28407
2014,Male,75,27274
2014,Male,76,25848
2014,Male,77,24227
2014,Male,78,23364
2014,Male,79,22435
2014,Male,80,21017
2014,Male,81,19057
2014,Male,82,17970
2014,Male,83,16373
2014,Male,84,14928
2014,Male,85,13036
2014,Male,86,11596
2014,Male,87,9897
2014,Male,88,8722
2014,Male,89,7412
2014,Male,90,5986
2014,Male,91,4943
2014,Male,92,3847
2014,Male,93,3092
2014,Male,94,2231
2014,Male,95,1383
2014,Male,96,919
2014,Male,97,654
2014,Male,98,421
2014,Male,99,757
2014,Female,0,0
2014,Female,1,39495
2014,Female,2,40057
2014,Female,3,39956
2014,Female,4,40738
2014,Female,5,39718
2014,Female,6,39258
2014,Female,7,38889
2014,Female,8,38385
2014,Female,9,38322
2014,Female,10,38657
2014,Female,11,37941
2014,Female,12,38274
2014,Female,13,38398
2014,Female,14,40739
2014,Female,15,40728
2014,Female,16,41312
2014,Female,17,42046
2014,Female,18,43220
2014,Female,19,43664
2014,Female,20,44691
2014,Female,21,46002
2014,Female,22,48441
2014,Female,23,49422
2014,Female,24,50518
2014,Female,25,51004
2014,Female,26,52612
2014,Female,27,52117
2014,Female,28,53910
2014,Female,29,54673
2014,Female,30,55373
2014,Female,31,55323
2014,Female,32,57102
2014,Female,33,56924
2014,Female,34,57141
2014,Female,35,56099
2014,Female,36,55440
2014,Female,37,55518
2014,Female,38,55663
2014,Female,39,55197
2014,Female,40,56417
2014,Female,41,56869
2014,Female,42,58281
2014,Female,43,60737
2014,Female,44,61537
2014,Female,45,63418
2014,Female,46,64796
2014,Female,47,65406
2014,Female,48,66348
2014,Female,49,66256
2014,Female,50,67361
2014,Female,51,65637
2014,Female,52,63096
2014,Female,53,61267
2014,Female,54,59564
2014,Female,55,57801
2014,Female,56,55271
2014,Female,57,54111
2014,Female,58,52091
2014,Female,59,50348
2014,Female,60,49202
2014,Female,61,47801
2014,Female,62,47356
2014,Female,63,45331
2014,Female,64,46370
2014,Female,65,45606
2014,Female,66,45989
2014,Female,67,45006
2014,Female,68,44838
2014,Female,69,42392
2014,Female,70,42043
2014,Female,71,40613
2014,Female,72,38500
2014,Female,73,36380
2014,Female,74,33728
2014,Female,75,32672
2014,Female,76,31484
2014,Female,77,29999
2014,Female,78,29883
2014,Female,79,29140
2014,Female,80,28131
2014,Female,81,26890
2014,Female,82,25929
2014,Female,83,24497
2014,Female,84,23860
2014,Female,85,22013
2014,Female,86,20197
2014,Female,87,18261
2014,Female,88,16901
2014,Female,89,15082
2014,Female,90,13285
2014,Female,91,11260
2014,Female,92,9388
2014,Female,93,7988
2014,Female,94,6022
2014,Female,95,4056
2014,Female,96,2959
2014,Female,97,2190
2014,Female,98,1619
2014,Female,99,3100
2015,Male,0,0
2015,Male,1,43039
2015,Male,2,42934
2015,Male,3,43294
2015,Male,4,42657
2015,Male,5,43014
2015,Male,6,42527
2015,Male,7,42333
2015,Male,8,41301
2015,Male,9,41033
2015,Male,10,40954
2015,Male,11,40620
2015,Male,12,40106
2015,Male,13,40822
2015,Male,14,41072
2015,Male,15,43609
2015,Male,16,43205
2015,Male,17,43950
2015,Male,18,44732
2015,Male,19,46343
2015,Male,20,46748
2015,Male,21,47742
2015,Male,22,48720
2015,Male,23,50983
2015,Male,24,52527
2015,Male,25,53549
2015,Male,26,53859
2015,Male,27,55644
2015,Male,28,55201
2015,Male,29,56536
2015,Male,30,57061
2015,Male,31,58299
2015,Male,32,58165
2015,Male,33,59316
2015,Male,34,59155
2015,Male,35,59671
2015,Male,36,57734
2015,Male,37,57187
2015,Male,38,57233
2015,Male,39,56540
2015,Male,40,56440
2015,Male,41,58048
2015,Male,42,58187
2015,Male,43,60300
2015,Male,44,61875
2015,Male,45,62904
2015,Male,46,64332
2015,Male,47,65942
2015,Male,48,66723
2015,Male,49,68447
2015,Male,50,68911
2015,Male,51,69822
2015,Male,52,67550
2015,Male,53,64959
2015,Male,54,62354
2015,Male,55,60661
2015,Male,56,58627
2015,Male,57,56638
2015,Male,58,55006
2015,Male,59,53462
2015,Male,60,50776
2015,Male,61,48483
2015,Male,62,46369
2015,Male,63,45718
2015,Male,64,43666
2015,Male,65,44564
2015,Male,66,42859
2015,Male,67,42769
2015,Male,68,41939
2015,Male,69,41385
2015,Male,70,39517
2015,Male,71,38191
2015,Male,72,36151
2015,Male,73,34280
2015,Male,74,31074
2015,Male,75,27783
2015,Male,76,26589
2015,Male,77,25103
2015,Male,78,23477
2015,Male,79,22545
2015,Male,80,21590
2015,Male,81,20047
2015,Male,82,18045
2015,Male,83,16921
2015,Male,84,15280
2015,Male,85,13797
2015,Male,86,11961
2015,Male,87,10456
2015,Male,88,8763
2015,Male,89,7632
2015,Male,90,6375
2015,Male,91,5063
2015,Male,92,4078
2015,Male,93,3090
2015,Male,94,2377
2015,Male,95,1700
2015,Male,96,1014
2015,Male,97,650
2015,Male,98,439
2015,Male,99,761
2015,Female,0,0
2015,Female,1,40691
2015,Female,2,40560
2015,Female,3,40603
2015,Female,4,40319
2015,Female,5,41184
2015,Female,6,40110
2015,Female,7,39749
2015,Female,8,39301
2015,Female,9,38774
2015,Female,10,38677
2015,Female,11,39006
2015,Female,12,38264
2015,Female,13,38643
2015,Female,14,38733
2015,Female,15,41052
2015,Female,16,41032
2015,Female,17,41714
2015,Female,18,42396
2015,Female,19,44026
2015,Female,20,44625
2015,Female,21,45560
2015,Female,22,46876
2015,Female,23,49553
2015,Female,24,50811
2015,Female,25,51992
2015,Female,26,52563
2015,Female,27,54479
2015,Female,28,54059
2015,Female,29,55652
2015,Female,30,56390
2015,Female,31,56764
2015,Female,32,56631
2015,Female,33,58304
2015,Female,34,58011
2015,Female,35,58132
2015,Female,36,56912
2015,Female,37,56221
2015,Female,38,56287
2015,Female,39,56289
2015,Female,40,55877
2015,Female,41,56921
2015,Female,42,57440
2015,Female,43,58865
2015,Female,44,61241
2015,Female,45,61979
2015,Female,46,63808
2015,Female,47,65132
2015,Female,48,65625
2015,Female,49,66710
2015,Female,50,66470
2015,Female,51,67563
2015,Female,52,65773
2015,Female,53,63167
2015,Female,54,61258
2015,Female,55,59508
2015,Female,56,57728
2015,Female,57,55197
2015,Female,58,53922
2015,Female,59,51933
2015,Female,60,50174
2015,Female,61,48991
2015,Female,62,47589
2015,Female,63,47072
2015,Female,64,45063
2015,Female,65,45971
2015,Female,66,45223
2015,Female,67,45642
2015,Female,68,44687
2015,Female,69,44477
2015,Female,70,42058
2015,Female,71,41669
2015,Female,72,40252
2015,Female,73,38079
2015,Female,74,35944
2015,Female,75,33303
2015,Female,76,32182
2015,Female,77,30975
2015,Female,78,29447
2015,Female,79,29214
2015,Female,80,28460
2015,Female,81,27341
2015,Female,82,26003
2015,Female,83,24936
2015,Female,84,23457
2015,Female,85,22674
2015,Female,86,20669
2015,Female,87,18827
2015,Female,88,16771
2015,Female,89,15342
2015,Female,90,13358
2015,Female,91,11703
2015,Female,92,9694
2015,Female,93,7893
2015,Female,94,6605
2015,Female,95,4833
2015,Female,96,3170
2015,Female,97,2251
2015,Female,98,1577
2015,Female,99,3148
2016,Male,0,0
2016,Male,1,43713
2016,Male,2,43959
2016,Male,3,43303
2016,Male,4,43653
2016,Male,5,43029
2016,Male,6,43407
2016,Male,7,42947
2016,Male,8,42748
2016,Male,9,41715
2016,Male,10,41402
2016,Male,11,41343
2016,Male,12,41003
2016,Male,13,40443
2016,Male,14,41171
2016,Male,15,41412
2016,Male,16,44013
2016,Male,17,43684
2016,Male,18,44524
2016,Male,19,45615
2016,Male,20,47620
2016,Male,21,47603
2016,Male,22,48671
2016,Male,23,49891
2016,Male,24,52403
2016,Male,25,54129
2016,Male,26,55217
2016,Male,27,55565
2016,Male,28,57449
2016,Male,29,57047
2016,Male,30,58036
2016,Male,31,58373
2016,Male,32,59638
2016,Male,33,59276
2016,Male,34,60318
2016,Male,35,60008
2016,Male,36,60601
2016,Male,37,58512
2016,Male,38,57909
2016,Male,39,57944
2016,Male,40,57204
2016,Male,41,57032
2016,Male,42,58555
2016,Male,43,58667
2016,Male,44,60822
2016,Male,45,62315
2016,Male,46,63279
2016,Male,47,64690
2016,Male,48,66236
2016,Male,49,66933
2016,Male,50,68563
2016,Male,51,68987
2016,Male,52,69838
2016,Male,53,67476
2016,Male,54,64899
2016,Male,55,62262
2016,Male,56,60499
2016,Male,57,58398
2016,Male,58,56337
2016,Male,59,54645
2016,Male,60,53034
2016,Male,61,50075
2016,Male,62,47916
2016,Male,63,45814
2016,Male,64,45038
2016,Male,65,43037
2016,Male,66,43563
2016,Male,67,42140
2016,Male,68,42083
2016,Male,69,41222
2016,Male,70,40665
2016,Male,71,38853
2016,Male,72,37424
2016,Male,73,35403
2016,Male,74,33504
2016,Male,75,30290
2016,Male,76,27016
2016,Male,77,25799
2016,Male,78,24264
2016,Male,79,22624
2016,Male,80,21599
2016,Male,81,20594
2016,Male,82,18973
2016,Male,83,16922
2016,Male,84,15807
2016,Male,85,14107
2016,Male,86,12608
2016,Male,87,10798
2016,Male,88,9296
2016,Male,89,7618
2016,Male,90,6512
2016,Male,91,5274
2016,Male,92,4134
2016,Male,93,3252
2016,Male,94,2348
2016,Male,95,1808
2016,Male,96,1238
2016,Male,97,711
2016,Male,98,438
2016,Male,99,739
2016,Female,0,0
2016,Female,1,41191
2016,Female,2,41686
2016,Female,3,40946
2016,Female,4,40947
2016,Female,5,40604
2016,Female,6,41569
2016,Female,7,40507
2016,Female,8,40129
2016,Female,9,39656
2016,Female,10,39177
2016,Female,11,39058
2016,Female,12,39349
2016,Female,13,38625
2016,Female,14,38987
2016,Female,15,39113
2016,Female,16,41412
2016,Female,17,41380
2016,Female,18,42103
2016,Female,19,43312
2016,Female,20,45048
2016,Female,21,45624
2016,Female,22,46464
2016,Female,23,48059
2016,Female,24,50934
2016,Female,25,52270
2016,Female,26,53683
2016,Female,27,54402
2016,Female,28,56231
2016,Female,29,55779
2016,Female,30,57178
2016,Female,31,57729
2016,Female,32,58072
2016,Female,33,57660
2016,Female,34,59264
2016,Female,35,58946
2016,Female,36,58883
2016,Female,37,57573
2016,Female,38,56914
2016,Female,39,56831
2016,Female,40,56839
2016,Female,41,56429
2016,Female,42,57505
2016,Female,43,57929
2016,Female,44,59300
2016,Female,45,61613
2016,Female,46,62314
2016,Female,47,64108
2016,Female,48,65417
2016,Female,49,65854
2016,Female,50,66851
2016,Female,51,66566
2016,Female,52,67719
2016,Female,53,65727
2016,Female,54,63127
2016,Female,55,61173
2016,Female,56,59392
2016,Female,57,57587
2016,Female,58,55041
2016,Female,59,53683
2016,Female,60,51661
2016,Female,61,49859
2016,Female,62,48702
2016,Female,63,47217
2016,Female,64,46721
2016,Female,65,44600
2016,Female,66,45518
2016,Female,67,44759
2016,Female,68,45237
2016,Female,69,44312
2016,Female,70,44094
2016,Female,71,41702
2016,Female,72,41224
2016,Female,73,39783
2016,Female,74,37650
2016,Female,75,35416
2016,Female,76,32824
2016,Female,77,31591
2016,Female,78,30335
2016,Female,79,28807
2016,Female,80,28484
2016,Female,81,27660
2016,Female,82,26397
2016,Female,83,25060
2016,Female,84,23783
2016,Female,85,22200
2016,Female,86,21358
2016,Female,87,19149
2016,Female,88,17264
2016,Female,89,15149
2016,Female,90,13641
2016,Female,91,11690
2016,Female,92,9969
2016,Female,93,8097
2016,Female,94,6356
2016,Female,95,5217
2016,Female,96,3660
2016,Female,97,2320
2016,Female,98,1603
2016,Female,99,3117
2017,Male,0,0
2017,Male,1,44165
2017,Male,2,44848
2017,Male,3,44511
2017,Male,4,43700
2017,Male,5,44080
2017,Male,6,43421
2017,Male,7,43733
2017,Male,8,43408
2017,Male,9,43191
2017,Male,10,42145
2017,Male,11,41845
2017,Male,12,41730
2017,Male,13,41351
2017,Male,14,40807
2017,Male,15,41706
2017,Male,16,42012
2017,Male,17,44882
2017,Male,18,44871
2017,Male,19,46145
2017,Male,20,48068
2017,Male,21,48902
2017,Male,22,49008
2017,Male,23,50224
2017,Male,24,51725
2017,Male,25,54227
2017,Male,26,55889
2017,Male,27,57225
2017,Male,28,57399
2017,Male,29,59167
2017,Male,30,58663
2017,Male,31,59445
2017,Male,32,59688
2017,Male,33,60631
2017,Male,34,60314
2017,Male,35,61212
2017,Male,36,60917
2017,Male,37,61245
2017,Male,38,59124
2017,Male,39,58451
2017,Male,40,58405
2017,Male,41,57673
2017,Male,42,57476
2017,Male,43,58917
2017,Male,44,59049
2017,Male,45,61121
2017,Male,46,62556
2017,Male,47,63479
2017,Male,48,64860
2017,Male,49,66348
2017,Male,50,67031
2017,Male,51,68562
2017,Male,52,68929
2017,Male,53,69756
2017,Male,54,67323
2017,Male,55,64622
2017,Male,56,61928
2017,Male,57,60122
2017,Male,58,57968
2017,Male,59,55875
2017,Male,60,54221
2017,Male,61,52337
2017,Male,62,49468
2017,Male,63,47294
2017,Male,64,45080
2017,Male,65,44352
2017,Male,66,42006
2017,Male,67,42651
2017,Male,68,41457
2017,Male,69,41401
2017,Male,70,40577
2017,Male,71,40011
2017,Male,72,38129
2017,Male,73,36639
2017,Male,74,34707
2017,Male,75,32707
2017,Male,76,29548
2017,Male,77,26195
2017,Male,78,24998
2017,Male,79,23463
2017,Male,80,21821
2017,Male,81,20638
2017,Male,82,19572
2017,Male,83,17882
2017,Male,84,15847
2017,Male,85,14642
2017,Male,86,12951
2017,Male,87,11357
2017,Male,88,9636
2017,Male,89,8180
2017,Male,90,6583
2017,Male,91,5458
2017,Male,92,4394
2017,Male,93,3324
2017,Male,94,2538
2017,Male,95,1803
2017,Male,96,1332
2017,Male,97,910
2017,Male,98,502
2017,Male,99,751
2017,Female,0,0
2017,Female,1,42131
2017,Female,2,42119
2017,Female,3,42101
2017,Female,4,41236
2017,Female,5,41224
2017,Female,6,41013
2017,Female,7,41969
2017,Female,8,40976
2017,Female,9,40550
2017,Female,10,40050
2017,Female,11,39530
2017,Female,12,39419
2017,Female,13,39732
2017,Female,14,38974
2017,Female,15,39326
2017,Female,16,39495
2017,Female,17,41803
2017,Female,18,41832
2017,Female,19,43055
2017,Female,20,44312
2017,Female,21,45973
2017,Female,22,46435
2017,Female,23,47420
2017,Female,24,49232
2017,Female,25,52389
2017,Female,26,53703
2017,Female,27,55460
2017,Female,28,56150
2017,Female,29,57818
2017,Female,30,57107
2017,Female,31,58446
2017,Female,32,58753
2017,Female,33,59140
2017,Female,34,58545
2017,Female,35,59926
2017,Female,36,59542
2017,Female,37,59578
2017,Female,38,58251
2017,Female,39,57442
2017,Female,40,57384
2017,Female,41,57289
2017,Female,42,56852
2017,Female,43,57856
2017,Female,44,58381
2017,Female,45,59616
2017,Female,46,61899
2017,Female,47,62577
2017,Female,48,64340
2017,Female,49,65575
2017,Female,50,66014
2017,Female,51,66876
2017,Female,52,66613
2017,Female,53,67724
2017,Female,54,65639
2017,Female,55,62997
2017,Female,56,61062
2017,Female,57,59191
2017,Female,58,57357
2017,Female,59,54715
2017,Female,60,53373
2017,Female,61,51358
2017,Female,62,49564
2017,Female,63,48285
2017,Female,64,46789
2017,Female,65,46181
2017,Female,66,44139
2017,Female,67,45094
2017,Female,68,44333
2017,Female,69,44805
2017,Female,70,43905
2017,Female,71,43649
2017,Female,72,41251
2017,Female,73,40721
2017,Female,74,39300
2017,Female,75,37126
2017,Female,76,34850
2017,Female,77,32249
2017,Female,78,30968
2017,Female,79,29697
2017,Female,80,28110
2017,Female,81,27657
2017,Female,82,26717
2017,Female,83,25416
2017,Female,84,23978
2017,Female,85,22622
2017,Female,86,20887
2017,Female,87,19971
2017,Female,88,17598
2017,Female,89,15707
2017,Female,90,13600
2017,Female,91,11957
2017,Female,92,10150
2017,Female,93,8430
2017,Female,94,6722
2017,Female,95,5102
2017,Female,96,4040
2017,Female,97,2783
2017,Female,98,1718
2017,Female,99,3197
2018,Male,0,0
2018,Male,1,43971
2018,Male,2,45122
2018,Male,3,45147
2018,Male,4,44750
2018,Male,5,43903
2018,Male,6,44364
2018,Male,7,43770
2018,Male,8,44012
2018,Male,9,43649
2018,Male,10,43481
2018,Male,11,42417
2018,Male,12,42192
2018,Male,13,42036
2018,Male,14,41726
2018,Male,15,41221
2018,Male,16,42139
2018,Male,17,42505
2018,Male,18,45577
2018,Male,19,45811
2018,Male,20,47278
2018,Male,21,48512
2018,Male,22,49384
2018,Male,23,49648
2018,Male,24,51091
2018,Male,25,52804
2018,Male,26,55400
2018,Male,27,57207
2018,Male,28,58634
2018,Male,29,58751
2018,Male,30,60374
2018,Male,31,59635
2018,Male,32,60388
2018,Male,33,60519
2018,Male,34,61249
2018,Male,35,60814
2018,Male,36,61828
2018,Male,37,61448
2018,Male,38,61685
2018,Male,39,59470
2018,Male,40,58883
2018,Male,41,58801
2018,Male,42,57902
2018,Male,43,57734
2018,Male,44,59169
2018,Male,45,59200
2018,Male,46,61245
2018,Male,47,62637
2018,Male,48,63576
2018,Male,49,64991
2018,Male,50,66238
2018,Male,51,66961
2018,Male,52,68392
2018,Male,53,68652
2018,Male,54,69525
2018,Male,55,66968
2018,Male,56,64252
2018,Male,57,61489
2018,Male,58,59713
2018,Male,59,57460
2018,Male,60,55318
2018,Male,61,53370
2018,Male,62,51601
2018,Male,63,48739
2018,Male,64,46449
2018,Male,65,44271
2018,Male,66,43203
2018,Male,67,41031
2018,Male,68,41845
2018,Male,69,40691
2018,Male,70,40631
2018,Male,71,39793
2018,Male,72,39228
2018,Male,73,37329
2018,Male,74,35854
2018,Male,75,33867
2018,Male,76,31821
2018,Male,77,28671
2018,Male,78,25369
2018,Male,79,24119
2018,Male,80,22555
2018,Male,81,20886
2018,Male,82,19637
2018,Male,83,18413
2018,Male,84,16761
2018,Male,85,14721
2018,Male,86,13466
2018,Male,87,11738
2018,Male,88,10121
2018,Male,89,8467
2018,Male,90,7007
2018,Male,91,5578
2018,Male,92,4508
2018,Male,93,3487
2018,Male,94,2568
2018,Male,95,1948
2018,Male,96,1324
2018,Male,97,960
2018,Male,98,599
2018,Male,99,790
2018,Female,0,0
2018,Female,1,41640
2018,Female,2,43084
2018,Female,3,42394
2018,Female,4,42320
2018,Female,5,41412
2018,Female,6,41534
2018,Female,7,41316
2018,Female,8,42223
2018,Female,9,41279
2018,Female,10,40856
2018,Female,11,40350
2018,Female,12,39834
2018,Female,13,39693
2018,Female,14,40019
2018,Female,15,39340
2018,Female,16,39666
2018,Female,17,39772
2018,Female,18,42267
2018,Female,19,42631
2018,Female,20,43793
2018,Female,21,44935
2018,Female,22,46578
2018,Female,23,47093
2018,Female,24,48342
2018,Female,25,50322
2018,Female,26,53720
2018,Female,27,55137
2018,Female,28,57030
2018,Female,29,57454
2018,Female,30,59110
2018,Female,31,58232
2018,Female,32,59415
2018,Female,33,59610
2018,Female,34,59839
2018,Female,35,59194
2018,Female,36,60639
2018,Female,37,60082
2018,Female,38,60118
2018,Female,39,58686
2018,Female,40,57888
2018,Female,41,57776
2018,Female,42,57608
2018,Female,43,57179
2018,Female,44,58120
2018,Female,45,58682
2018,Female,46,59900
2018,Female,47,62130
2018,Female,48,62736
2018,Female,49,64499
2018,Female,50,65644
2018,Female,51,66024
2018,Female,52,66900
2018,Female,53,66537
2018,Female,54,67625
2018,Female,55,65512
2018,Female,56,62746
2018,Female,57,60756
2018,Female,58,58873
2018,Female,59,56966
2018,Female,60,54314
2018,Female,61,52971
2018,Female,62,50952
2018,Female,63,49056
2018,Female,64,47838
2018,Female,65,46126
2018,Female,66,45576
2018,Female,67,43684
2018,Female,68,44636
2018,Female,69,43873
2018,Female,70,44322
2018,Female,71,43437
2018,Female,72,43149
2018,Female,73,40767
2018,Female,74,40194
2018,Female,75,38743
2018,Female,76,36533
2018,Female,77,34279
2018,Female,78,31604
2018,Female,79,30300
2018,Female,80,28925
2018,Female,81,27284
2018,Female,82,26753
2018,Female,83,25745
2018,Female,84,24288
2018,Female,85,22709
2018,Female,86,21258
2018,Female,87,19500
2018,Female,88,18320
2018,Female,89,16009
2018,Female,90,14011
2018,Female,91,11948
2018,Female,92,10291
2018,Female,93,8641
2018,Female,94,6979
2018,Female,95,5339
2018,Female,96,3970
2018,Female,97,3038
2018,Female,98,2029
2018,Female,99,3245
2019,Male,0,0
2019,Male,1,44120
2019,Male,2,44733
2019,Male,3,45448
2019,Male,4,45394
2019,Male,5,45057
2019,Male,6,44093
2019,Male,7,44615
2019,Male,8,44044
2019,Male,9,44287
2019,Male,10,43968
2019,Male,11,43835
2019,Male,12,42773
2019,Male,13,42469
2019,Male,14,42395
2019,Male,15,42023
2019,Male,16,41586
2019,Male,17,42473
2019,Male,18,42814
2019,Male,19,46307
2019,Male,20,46596
2019,Male,21,47554
2019,Male,22,48957
2019,Male,23,50081
2019,Male,24,50511
2019,Male,25,51997
2019,Male,26,53919
2019,Male,27,56722
2019,Male,28,58484
2019,Male,29,59880
2019,Male,30,59949
2019,Male,31,61388
2019,Male,32,60494
2019,Male,33,61146
2019,Male,34,61322
2019,Male,35,61802
2019,Male,36,61360
2019,Male,37,62311
2019,Male,38,61944
2019,Male,39,61993
2019,Male,40,59793
2019,Male,41,59177
2019,Male,42,59039
2019,Male,43,58143
2019,Male,44,57972
2019,Male,45,59386
2019,Male,46,59277
2019,Male,47,61358
2019,Male,48,62729
2019,Male,49,63566
2019,Male,50,65019
2019,Male,51,66213
2019,Male,52,66878
2019,Male,53,68161
2019,Male,54,68436
2019,Male,55,69206
2019,Male,56,66598
2019,Male,57,63840
2019,Male,58,61134
2019,Male,59,59205
2019,Male,60,56923
2019,Male,61,54371
2019,Male,62,52528
2019,Male,63,50839
2019,Male,64,47854
2019,Male,65,45581
2019,Male,66,43000
2019,Male,67,42196
2019,Male,68,40292
2019,Male,69,41130
2019,Male,70,39943
2019,Male,71,39833
2019,Male,72,39042
2019,Male,73,38432
2019,Male,74,36497
2019,Male,75,35044
2019,Male,76,32956
2019,Male,77,31009
2019,Male,78,27824
2019,Male,79,24442
2019,Male,80,23195
2019,Male,81,21559
2019,Male,82,19839
2019,Male,83,18541
2019,Male,84,17303
2019,Male,85,15568
2019,Male,86,13541
2019,Male,87,12236
2019,Male,88,10540
2019,Male,89,8995
2019,Male,90,7306
2019,Male,91,5909
2019,Male,92,4590
2019,Male,93,3612
2019,Male,94,2759
2019,Male,95,1953
2019,Male,96,1470
2019,Male,97,935
2019,Male,98,666
2019,Male,99,894
2019,Female,0,0
2019,Female,1,42048
2019,Female,2,42518
2019,Female,3,43356
2019,Female,4,42603
2019,Female,5,42603
2019,Female,6,41709
2019,Female,7,41902
2019,Female,8,41615
2019,Female,9,42566
2019,Female,10,41505
2019,Female,11,41183
2019,Female,12,40623
2019,Female,13,40071
2019,Female,14,39945
2019,Female,15,40245
2019,Female,16,39585
2019,Female,17,39957
2019,Female,18,40070
2019,Female,19,42997
2019,Female,20,43327
2019,Female,21,44291
2019,Female,22,45423
2019,Female,23,47225
2019,Female,24,47964
2019,Female,25,49442
2019,Female,26,51598
2019,Female,27,55168
2019,Female,28,56541
2019,Female,29,58352
2019,Female,30,58675
2019,Female,31,60163
2019,Female,32,59157
2019,Female,33,60169
2019,Female,34,60370
2019,Female,35,60479
2019,Female,36,59846
2019,Female,37,61171
2019,Female,38,60541
2019,Female,39,60609
2019,Female,40,59138
2019,Female,41,58211
2019,Female,42,58031
2019,Female,43,57949
2019,Female,44,57506
2019,Female,45,58369
2019,Female,46,58906
2019,Female,47,60116
2019,Female,48,62236
2019,Female,49,62842
2019,Female,50,64600
2019,Female,51,65692
2019,Female,52,65934
2019,Female,53,66787
2019,Female,54,66407
2019,Female,55,67432
2019,Female,56,65236
2019,Female,57,62498
2019,Female,58,60387
2019,Female,59,58422
2019,Female,60,56489
2019,Female,61,53801
2019,Female,62,52458
2019,Female,63,50431
2019,Female,64,48529
2019,Female,65,47137
2019,Female,66,45544
2019,Female,67,45066
2019,Female,68,43233
2019,Female,69,44169
2019,Female,70,43423
2019,Female,71,43861
2019,Female,72,42945
2019,Female,73,42609
2019,Female,74,40246
2019,Female,75,39607
2019,Female,76,38117
2019,Female,77,35919
2019,Female,78,33611
2019,Female,79,30898
2019,Female,80,29566
2019,Female,81,28164
2019,Female,82,26414
2019,Female,83,25761
2019,Female,84,24603
2019,Female,85,23080
2019,Female,86,21402
2019,Female,87,19842
2019,Female,88,17947
2019,Female,89,16665
2019,Female,90,14342
2019,Female,91,12352
2019,Female,92,10357
2019,Female,93,8692
2019,Female,94,7102
2019,Female,95,5633
2019,Female,96,4199
2019,Female,97,3036
2019,Female,98,2257
2019,Female,99,3588
2020,Male,0,0
2020,Male,1,43282
2020,Male,2,44960
2020,Male,3,45078
2020,Male,4,45625
2020,Male,5,45598
2020,Male,6,45329
2020,Male,7,44392
2020,Male,8,44917
2020,Male,9,44356
2020,Male,10,44603
2020,Male,11,44245
2020,Male,12,44238
2020,Male,13,43099
2020,Male,14,42779
2020,Male,15,42655
2020,Male,16,42371
2020,Male,17,41893
2020,Male,18,42766
2020,Male,19,43493
2020,Male,20,47033
2020,Male,21,46934
2020,Male,22,47882
2020,Male,23,49802
2020,Male,24,51033
2020,Male,25,51576
2020,Male,26,53122
2020,Male,27,55240
2020,Male,28,58087
2020,Male,29,59961
2020,Male,30,61239
2020,Male,31,61111
2020,Male,32,62484
2020,Male,33,61435
2020,Male,34,62022
2020,Male,35,61970
2020,Male,36,62347
2020,Male,37,61937
2020,Male,38,62794
2020,Male,39,62417
2020,Male,40,62332
2020,Male,41,60164
2020,Male,42,59628
2020,Male,43,59324
2020,Male,44,58398
2020,Male,45,58203
2020,Male,46,59588
2020,Male,47,59455
2020,Male,48,61430
2020,Male,49,62831
2020,Male,50,63528
2020,Male,51,64904
2020,Male,52,66106
2020,Male,53,66713
2020,Male,54,67969
2020,Male,55,68192
2020,Male,56,68796
2020,Male,57,66176
2020,Male,58,63450
2020,Male,59,60625
2020,Male,60,58629
2020,Male,61,55947
2020,Male,62,53605
2020,Male,63,51746
2020,Male,64,49948
2020,Male,65,47067
2020,Male,66,44258
2020,Male,67,42058
2020,Male,68,41462
2020,Male,69,39608
2020,Male,70,40458
2020,Male,71,39204
2020,Male,72,39068
2020,Male,73,38232
2020,Male,74,37524
2020,Male,75,35666
2020,Male,76,34150
2020,Male,77,32065
2020,Male,78,30068
2020,Male,79,26897
2020,Male,80,23509
2020,Male,81,22206
2020,Male,82,20569
2020,Male,83,18751
2020,Male,84,17363
2020,Male,85,16089
2020,Male,86,14317
2020,Male,87,12371
2020,Male,88,10943
2020,Male,89,9315
2020,Male,90,7827
2020,Male,91,6198
2020,Male,92,4931
2020,Male,93,3705
2020,Male,94,2892
2020,Male,95,2128
2020,Male,96,1468
2020,Male,97,1049
2020,Male,98,648
2020,Male,99,1007
2020,Female,0,0
2020,Female,1,41218
2020,Female,2,42814
2020,Female,3,42751
2020,Female,4,43519
2020,Female,5,42850
2020,Female,6,42876
2020,Female,7,41960
2020,Female,8,42175
2020,Female,9,41911
2020,Female,10,42829
2020,Female,11,41856
2020,Female,12,41486
2020,Female,13,40902
2020,Female,14,40380
2020,Female,15,40235
2020,Female,16,40485
2020,Female,17,39744
2020,Female,18,40184
2020,Female,19,40714
2020,Female,20,43597
2020,Female,21,43884
2020,Female,22,44786
2020,Female,23,46272
2020,Female,24,48213
2020,Female,25,49121
2020,Female,26,50818
2020,Female,27,53134
2020,Female,28,56690
2020,Female,29,58005
2020,Female,30,59551
2020,Female,31,59840
2020,Female,32,61235
2020,Female,33,60048
2020,Female,34,60953
2020,Female,35,60983
2020,Female,36,61003
2020,Female,37,60478
2020,Female,38,61738
2020,Female,39,61013
2020,Female,40,61036
2020,Female,41,59508
2020,Female,42,58584
2020,Female,43,58336
2020,Female,44,58227
2020,Female,45,57784
2020,Female,46,58582
2020,Female,47,59124
2020,Female,48,60321
2020,Female,49,62382
2020,Female,50,62928
2020,Female,51,64584
2020,Female,52,65662
2020,Female,53,65867
2020,Female,54,66678
2020,Female,55,66142
2020,Female,56,67180
2020,Female,57,64980
2020,Female,58,62225
2020,Female,59,60002
2020,Female,60,57957
2020,Female,61,56019
2020,Female,62,53315
2020,Female,63,51898
2020,Female,64,49939
2020,Female,65,47863
2020,Female,66,46552
2020,Female,67,45025
2020,Female,68,44665
2020,Female,69,42808
2020,Female,70,43718
2020,Female,71,42955
2020,Female,72,43356
2020,Female,73,42389
2020,Female,74,42000
2020,Female,75,39697
2020,Female,76,39012
2020,Female,77,37432
2020,Female,78,35262
2020,Female,79,32895
2020,Female,80,30137
2020,Female,81,28797
2020,Female,82,27221
2020,Female,83,25489
2020,Female,84,24624
2020,Female,85,23404
2020,Female,86,21812
2020,Female,87,20007
2020,Female,88,18334
2020,Female,89,16370
2020,Female,90,14982
2020,Female,91,12647
2020,Female,92,10763
2020,Female,93,8765
2020,Female,94,7179
2020,Female,95,5677
2020,Female,96,4466
2020,Female,97,3200
2020,Female,98,2212
2020,Female,99,3944
2021,Male,0,0
2021,Male,1,43494
2021,Male,2,44193
2021,Male,3,45335
2021,Male,4,45361
2021,Male,5,45885
2021,Male,6,45950
2021,Male,7,45687
2021,Male,8,44748
2021,Male,9,45350
2021,Male,10,44674
2021,Male,11,44971
2021,Male,12,44589
2021,Male,13,44503
2021,Male,14,43365
2021,Male,15,43134
2021,Male,16,42995
2021,Male,17,42717
2021,Male,18,42290
2021,Male,19,43842
2021,Male,20,44384
2021,Male,21,47658
2021,Male,22,47544
2021,Male,23,48907
2021,Male,24,50760
2021,Male,25,52158
2021,Male,26,52796
2021,Male,27,54633
2021,Male,28,56660
2021,Male,29,59550
2021,Male,30,61261
2021,Male,31,62502
2021,Male,32,62380
2021,Male,33,63555
2021,Male,34,62438
2021,Male,35,62808
2021,Male,36,62802
2021,Male,37,63019
2021,Male,38,62546
2021,Male,39,63339
2021,Male,40,62885
2021,Male,41,62775
2021,Male,42,60629
2021,Male,43,60015
2021,Male,44,59668
2021,Male,45,58724
2021,Male,46,58496
2021,Male,47,59874
2021,Male,48,59621
2021,Male,49,61593
2021,Male,50,62930
2021,Male,51,63606
2021,Male,52,64931
2021,Male,53,66008
2021,Male,54,66590
2021,Male,55,67814
2021,Male,56,68018
2021,Male,57,68417
2021,Male,58,65854
2021,Male,59,62963
2021,Male,60,60167
2021,Male,61,57666
2021,Male,62,55227
2021,Male,63,52900
2021,Male,64,50878
2021,Male,65,49104
2021,Male,66,45794
2021,Male,67,43321
2021,Male,68,41354
2021,Male,69,40734
2021,Male,70,38993
2021,Male,71,39711
2021,Male,72,38440
2021,Male,73,38253
2021,Male,74,37334
2021,Male,75,36578
2021,Male,76,34745
2021,Male,77,33097
2021,Male,78,31028
2021,Male,79,28920
2021,Male,80,25849
2021,Male,81,22342
2021,Male,82,21011
2021,Male,83,19316
2021,Male,84,17458
2021,Male,85,16007
2021,Male,86,14590
2021,Male,87,12837
2021,Male,88,10861
2021,Male,89,9443
2021,Male,90,7929
2021,Male,91,6510
2021,Male,92,5016
2021,Male,93,3903
2021,Male,94,2788
2021,Male,95,2119
2021,Male,96,1511
2021,Male,97,993
2021,Male,98,674
2021,Male,99,1004
2021,Female,0,0
2021,Female,1,40880
2021,Female,2,42074
2021,Female,3,43073
2021,Female,4,42982
2021,Female,5,43841
2021,Female,6,43139
2021,Female,7,43156
2021,Female,8,42302
2021,Female,9,42467
2021,Female,10,42212
2021,Female,11,43152
2021,Female,12,42182
2021,Female,13,41787
2021,Female,14,41140
2021,Female,15,40645
2021,Female,16,40533
2021,Female,17,40778
2021,Female,18,39985
2021,Female,19,41021
2021,Female,20,41485
2021,Female,21,44123
2021,Female,22,44355
2021,Female,23,45699
2021,Female,24,47405
2021,Female,25,49572
2021,Female,26,50595
2021,Female,27,52318
2021,Female,28,54704
2021,Female,29,58153
2021,Female,30,59283
2021,Female,31,60897
2021,Female,32,60932
2021,Female,33,62251
2021,Female,34,60897
2021,Female,35,61799
2021,Female,36,61763
2021,Female,37,61602
2021,Female,38,61007
2021,Female,39,62274
2021,Female,40,61534
2021,Female,41,61518
2021,Female,42,59967
2021,Female,43,59002
2021,Female,44,58696
2021,Female,45,58624
2021,Female,46,58094
2021,Female,47,58845
2021,Female,48,59339
2021,Female,49,60525
2021,Female,50,62542
2021,Female,51,63008
2021,Female,52,64643
2021,Female,53,65655
2021,Female,54,65818
2021,Female,55,66536
2021,Female,56,65991
2021,Female,57,66940
2021,Female,58,64683
2021,Female,59,61847
2021,Female,60,59620
2021,Female,61,57528
2021,Female,62,55603
2021,Female,63,52794
2021,Female,64,51416
2021,Female,65,49263
2021,Female,66,47278
2021,Female,67,46124
2021,Female,68,44659
2021,Female,69,44257
2021,Female,70,42400
2021,Female,71,43268
2021,Female,72,42514
2021,Female,73,42834
2021,Female,74,41890
2021,Female,75,41393
2021,Female,76,39040
2021,Female,77,38305
2021,Female,78,36753
2021,Female,79,34427
2021,Female,80,32088
2021,Female,81,29268
2021,Female,82,27809
2021,Female,83,26178
2021,Female,84,24374
2021,Female,85,23323
2021,Female,86,21889
2021,Female,87,20205
2021,Female,88,18303
2021,Female,89,16604
2021,Female,90,14513
2021,Female,91,13008
2021,Female,92,10731
2021,Female,93,8849
2021,Female,94,7174
2021,Female,95,5678
2021,Female,96,4346
2021,Female,97,3329
2021,Female,98,2336
2021,Female,99,4060
